date,gauge_ft,precip_mm,temp_c,rh,ma_7,ma_30,delta_3,delta_7,spi_30,woy_sin,woy_cos
2025-02-19,30.06,1.4,-12.8,60.0,,,,,,0.8229838658936564,0.5680647467311559
2025-02-19,29.27,1.4,-12.8,60.0,,,,,,0.8229838658936564,0.5680647467311559
2025-02-19,29.68,1.4,-12.8,60.0,29.669999999999998,,,,,0.8229838658936564,0.5680647467311559
2025-02-20,30.47,0.3,-13.1,62.0,29.869999999999997,,0.41000000000000014,,,0.8229838658936564,0.5680647467311559
2025-02-20,30.05,0.3,-13.1,62.0,29.906,,0.7800000000000011,,,0.8229838658936564,0.5680647467311559
2025-02-20,30.25,0.3,-13.1,62.0,29.963333333333335,,0.5700000000000003,,,0.8229838658936564,0.5680647467311559
2025-02-21,30.89,0.0,-9.2,60.0,30.095714285714283,,0.4200000000000017,,,0.8229838658936564,0.5680647467311559
2025-02-21,30.47,0.0,-9.2,60.0,30.154285714285713,,0.41999999999999815,0.41000000000000014,,0.8229838658936564,0.5680647467311559
2025-02-21,30.7,0.0,-9.2,60.0,30.35857142857143,,0.4499999999999993,1.4299999999999997,,0.8229838658936564,0.5680647467311559
2025-02-22,31.34,0.0,-4.8,55.0,30.595714285714287,30.318,0.4499999999999993,1.6600000000000001,,0.8229838658936564,0.5680647467311559
2025-02-22,30.86,0.0,-4.8,55.0,30.65142857142857,30.36727272727273,0.39000000000000057,0.39000000000000057,,0.8229838658936564,0.5680647467311559
2025-02-22,31.04,0.0,-4.8,55.0,30.79285714285714,30.423333333333332,0.33999999999999986,0.9899999999999984,,0.8229838658936564,0.5680647467311559
2025-02-23,32.01,0.0,1.4,53.0,31.044285714285714,30.545384615384613,0.6699999999999982,1.759999999999998,,0.8229838658936564,0.5680647467311559
2025-02-23,31.28,0.0,1.4,53.0,31.099999999999998,30.597857142857144,0.4200000000000017,0.39000000000000057,,0.8229838658936564,0.5680647467311559
2025-02-23,31.64,0.0,1.4,53.0,31.267142857142858,30.667333333333332,0.6000000000000014,1.1700000000000017,,0.8229838658936564,0.5680647467311559
2025-02-24,32.53,0.0,5.5,62.0,31.52857142857143,30.783749999999998,0.5200000000000031,1.8300000000000018,,0.8854560256532099,0.4647231720437686
2025-02-24,32.01,0.0,5.5,62.0,31.624285714285712,30.855882352941173,0.7299999999999969,0.6699999999999982,,0.8854560256532099,0.4647231720437686
2025-02-24,32.32,0.0,5.5,62.0,31.83285714285714,30.93722222222222,0.6799999999999997,1.4600000000000009,,0.8854560256532099,0.4647231720437686
2025-02-25,32.94,0.2,7.7,69.0,32.104285714285716,31.042631578947365,0.4099999999999966,1.8999999999999986,,0.8854560256532099,0.4647231720437686
2025-02-25,32.51,0.2,7.7,69.0,32.175714285714285,31.115999999999996,0.5,0.5,,0.8854560256532099,0.4647231720437686
2025-02-25,32.76,0.2,7.7,69.0,32.387142857142855,31.194285714285712,0.4399999999999977,1.4799999999999969,,0.8854560256532099,0.4647231720437686
2025-02-26,33.28,1.5,7.6,66.0,32.621428571428574,31.28909090909091,0.3400000000000034,1.6400000000000006,,0.8854560256532099,0.4647231720437686
2025-02-26,32.91,1.5,7.6,66.0,32.675714285714285,31.359565217391303,0.3999999999999986,0.37999999999999545,,0.8854560256532099,0.4647231720437686
2025-02-26,33.14,1.5,7.6,66.0,32.83714285714286,31.43375,0.38000000000000256,1.1300000000000026,,0.8854560256532099,0.4647231720437686
2025-02-27,33.62,0.0,6.7,73.0,33.02285714285714,31.5212,0.3399999999999963,1.2999999999999972,,0.8854560256532099,0.4647231720437686
2025-02-27,33.24,0.0,6.7,73.0,33.065714285714286,31.587307692307693,0.3300000000000054,0.30000000000000426,,0.8854560256532099,0.4647231720437686
2025-02-27,33.45,0.0,6.7,73.0,33.199999999999996,31.656296296296297,0.3100000000000023,0.9400000000000048,,0.8854560256532099,0.4647231720437686
2025-02-28,33.93,0.0,7.3,56.0,33.36714285714286,31.7375,0.3100000000000023,1.1700000000000017,,0.8854560256532099,0.4647231720437686
2025-02-28,33.58,0.0,7.3,56.0,33.410000000000004,31.80103448275862,0.3399999999999963,0.29999999999999716,,0.8854560256532099,0.4647231720437686
2025-02-28,33.75,0.0,7.3,56.0,33.53,31.866,0.29999999999999716,0.8400000000000034,,0.8854560256532099,0.4647231720437686
2025-03-01,34.17,0.0,1.7,49.0,33.677142857142854,32.003,0.240000000000002,1.0300000000000011,,0.8854560256532099,0.4647231720437686
2025-03-01,33.87,0.0,1.7,49.0,33.712857142857146,32.15633333333333,0.28999999999999915,0.25,,0.8854560256532099,0.4647231720437686
2025-03-01,34.03,0.0,1.7,49.0,33.825714285714284,32.30133333333333,0.28000000000000114,0.7899999999999991,,0.8854560256532099,0.4647231720437686
2025-03-02,34.32,0.0,-2.4,49.0,33.949999999999996,32.42966666666667,0.14999999999999858,0.8699999999999974,,0.8854560256532099,0.4647231720437686
2025-03-02,34.13,0.0,-2.4,49.0,33.978571428571435,32.565666666666665,0.2600000000000051,0.20000000000000284,,0.8854560256532099,0.4647231720437686
2025-03-02,34.23,0.0,-2.4,49.0,34.07142857142857,32.69833333333334,0.19999999999999574,0.6499999999999986,,0.8854560256532099,0.4647231720437686
2025-03-03,34.39,0.0,2.9,50.0,34.16285714285714,32.815000000000005,0.07000000000000028,0.6400000000000006,,0.9350162426854148,0.35460488704253557
2025-03-03,34.24,0.0,2.9,50.0,34.17285714285715,32.940666666666665,0.10999999999999943,0.07000000000000028,,0.9350162426854148,0.35460488704253557
2025-03-03,34.3,0.0,2.9,50.0,34.23428571428571,33.06066666666666,0.07000000000000028,0.4299999999999997,,0.9350162426854148,0.35460488704253557
2025-03-04,34.57,2.5,11.3,48.0,34.31142857142857,33.16833333333334,0.17999999999999972,0.5399999999999991,,0.9350162426854148,0.35460488704253557
2025-03-04,34.29,2.5,11.3,48.0,34.30714285714286,33.282666666666664,0.04999999999999716,-0.030000000000001137,,0.9350162426854148,0.35460488704253557
2025-03-04,34.4,2.5,11.3,48.0,34.34571428571429,33.394666666666666,0.10000000000000142,0.269999999999996,,0.9350162426854148,0.35460488704253557
2025-03-05,34.63,14.6,6.8,88.0,34.402857142857144,33.482,0.060000000000002274,0.4000000000000057,,0.9350162426854148,0.35460488704253557
2025-03-05,34.35,14.6,6.8,88.0,34.39714285714286,33.58433333333333,0.060000000000002274,-0.03999999999999915,,0.9350162426854148,0.35460488704253557
2025-03-05,34.5,14.6,6.8,88.0,34.434285714285714,33.67966666666667,0.10000000000000142,0.259999999999998,,0.9350162426854148,0.35460488704253557
2025-03-06,34.39,0.0,1.1,59.0,34.44714285714286,33.74166666666667,-0.240000000000002,0.09000000000000341,,0.9350162426854148,0.35460488704253557
2025-03-06,34.05,0.0,1.1,59.0,34.37285714285714,33.80966666666667,-0.30000000000000426,-0.5200000000000031,,0.9350162426854148,0.35460488704253557
2025-03-06,34.22,0.0,1.1,59.0,34.362857142857145,33.873,-0.28000000000000114,-0.07000000000000028,,0.9350162426854148,0.35460488704253557
2025-03-07,34.13,0.5,4.9,63.0,34.324285714285715,33.91266666666667,-0.259999999999998,-0.269999999999996,,0.9350162426854148,0.35460488704253557
2025-03-07,33.8,0.5,4.9,63.0,34.205714285714286,33.955666666666666,-0.25,-0.8300000000000054,,0.9350162426854148,0.35460488704253557
2025-03-07,33.97,0.5,4.9,63.0,34.151428571428575,33.996,-0.25,-0.38000000000000256,,0.9350162426854148,0.35460488704253557
2025-03-08,33.93,0.2,4.4,71.0,34.07,34.01766666666666,-0.20000000000000284,-0.5700000000000003,,0.9350162426854148,0.35460488704253557
2025-03-08,33.63,0.2,4.4,71.0,33.96142857142857,34.041666666666664,-0.1699999999999946,-0.759999999999998,,0.9350162426854148,0.35460488704253557
2025-03-08,33.77,0.2,4.4,71.0,33.92142857142857,34.062666666666665,-0.19999999999999574,-0.27999999999999403,,0.9350162426854148,0.35460488704253557
2025-03-09,33.68,0.0,6.0,56.0,33.84428571428572,34.06466666666667,-0.25,-0.5399999999999991,,0.9350162426854148,0.35460488704253557
2025-03-09,33.2,0.0,6.0,56.0,33.71142857142858,34.06333333333333,-0.4299999999999997,-0.9299999999999997,,0.9350162426854148,0.35460488704253557
2025-03-09,33.46,0.0,6.0,56.0,33.66285714285714,34.06366666666666,-0.3100000000000023,-0.3399999999999963,,0.9350162426854148,0.35460488704253557
2025-03-10,33.24,0.0,9.4,50.0,33.55857142857143,34.04066666666667,-0.4399999999999977,-0.7299999999999969,,0.970941817426052,0.23931566428755804
2025-03-10,32.56,0.0,9.4,50.0,33.362857142857145,34.00666666666667,-0.6400000000000006,-1.3699999999999974,,0.970941817426052,0.23931566428755804
2025-03-10,32.92,0.0,9.4,50.0,33.261428571428574,33.979,-0.5399999999999991,-0.7100000000000009,,0.970941817426052,0.23931566428755804
2025-03-11,32.59,0.0,13.9,46.0,33.09285714285714,33.92633333333333,-0.6499999999999986,-1.1799999999999997,,0.970941817426052,0.23931566428755804
2025-03-11,31.81,0.0,13.9,46.0,32.82571428571429,33.85766666666667,-0.7500000000000036,-1.870000000000001,,0.970941817426052,0.23931566428755804
2025-03-11,32.22,0.0,13.9,46.0,32.68571428571429,33.797333333333334,-0.7000000000000028,-0.980000000000004,,0.970941817426052,0.23931566428755804
2025-03-12,31.81,0.0,10.0,60.0,32.45,33.71366666666667,-0.7800000000000047,-1.6500000000000021,,0.970941817426052,0.23931566428755804
2025-03-12,30.92,0.0,10.0,60.0,32.11857142857143,33.60666666666667,-0.889999999999997,-2.3200000000000003,,0.970941817426052,0.23931566428755804
2025-03-12,31.41,0.0,10.0,60.0,31.954285714285714,33.51266666666667,-0.8099999999999987,-1.1500000000000021,,0.970941817426052,0.23931566428755804
2025-03-13,30.96,0.0,13.4,58.0,31.674285714285713,33.39833333333333,-0.8499999999999979,-1.9600000000000009,,0.970941817426052,0.23931566428755804
2025-03-13,30.05,0.0,13.4,58.0,31.31142857142857,33.25866666666666,-0.870000000000001,-2.5400000000000027,,0.970941817426052,0.23931566428755804
2025-03-13,30.5,0.0,13.4,58.0,31.124285714285715,33.132,-0.9100000000000001,-1.3099999999999987,,0.970941817426052,0.23931566428755804
2025-03-14,30.06,0.0,17.6,64.0,30.815714285714286,32.98166666666666,-0.9000000000000021,-2.16,,0.970941817426052,0.23931566428755804
2025-03-14,29.12,0.0,17.6,64.0,30.431428571428572,32.809333333333335,-0.9299999999999997,-2.6899999999999977,,0.970941817426052,0.23931566428755804
2025-03-14,29.59,0.0,17.6,64.0,30.24142857142857,32.649,-0.9100000000000001,-1.3300000000000018,,0.970941817426052,0.23931566428755804
2025-03-15,29.12,12.1,17.7,59.0,29.91428571428571,32.465333333333334,-0.9399999999999977,-2.289999999999999,,0.970941817426052,0.23931566428755804
2025-03-15,28.48,12.1,17.7,59.0,29.560000000000002,32.269666666666666,-0.6400000000000006,-2.4800000000000004,0.4269699831204269,0.970941817426052,0.23931566428755804
2025-03-15,28.76,12.1,17.7,59.0,29.375714285714285,32.07833333333333,-0.8299999999999983,-1.2899999999999991,0.31476781644697366,0.970941817426052,0.23931566428755804
2025-03-16,28.49,2.6,4.2,70.0,29.08857142857143,31.881666666666668,-0.6300000000000026,-2.0100000000000016,0.42531143669018645,0.970941817426052,0.23931566428755804
2025-03-16,27.5,2.6,4.2,70.0,28.722857142857144,31.663333333333334,-0.9800000000000004,-2.5599999999999987,0.5351945523471491,0.970941817426052,0.23931566428755804
2025-03-16,27.98,2.6,4.2,70.0,28.56,31.455333333333336,-0.7800000000000011,-1.1400000000000006,0.6440541844599077,0.970941817426052,0.23931566428755804
2025-03-17,27.5,0.0,3.1,60.0,28.26142857142857,31.234333333333336,-0.9899999999999984,-2.09,0.6150533072965152,0.992708874098054,0.120536680255323
2025-03-17,26.83,0.0,3.1,60.0,27.934285714285718,31.002,-0.6700000000000017,-2.2900000000000027,0.5865040951426642,0.992708874098054,0.120536680255323
2025-03-17,27.12,0.0,3.1,60.0,27.740000000000002,30.773666666666664,-0.8599999999999994,-1.3599999999999994,0.5583561171641448,0.992708874098054,0.120536680255323
2025-03-18,26.83,0.0,13.8,49.0,27.464285714285715,30.537,-0.6700000000000017,-1.9300000000000033,0.5440341196291255,0.992708874098054,0.120536680255323
2025-03-18,26.25,0.0,13.8,49.0,27.14428571428571,30.291,-0.5799999999999983,-2.2399999999999984,0.5299339736449276,0.992708874098054,0.120536680255323
2025-03-18,26.51,0.0,13.8,49.0,27.002857142857142,30.049,-0.6099999999999994,-0.9899999999999984,0.5160398547653281,0.992708874098054,0.120536680255323
2025-03-19,26.26,5.0,17.3,57.0,26.75714285714286,29.801666666666666,-0.5699999999999967,-1.7199999999999989,0.7391799655476682,0.992708874098054,0.120536680255323
2025-03-19,25.75,5.0,17.3,57.0,26.50714285714286,29.553333333333335,-0.5,-1.75,0.9581977072899551,0.992708874098054,0.120536680255323
2025-03-19,25.99,5.0,17.3,57.0,26.387142857142855,29.304333333333332,-0.5200000000000031,-0.8399999999999999,1.1708136136500644,0.992708874098054,0.120536680255323
2025-03-20,25.75,2.1,5.0,60.0,26.191428571428567,29.054666666666666,-0.5100000000000016,-1.370000000000001,1.245920026529321,0.992708874098054,0.120536680255323
2025-03-20,24.9,2.1,5.0,60.0,25.915714285714284,28.799333333333333,-0.8500000000000014,-1.9299999999999997,1.3179444942800755,0.992708874098054,0.120536680255323
2025-03-20,25.32,2.1,5.0,60.0,25.782857142857143,28.546,-0.6699999999999982,-0.9299999999999997,1.3867022297984388,0.992708874098054,0.120536680255323
2025-03-21,24.91,0.0,5.4,52.0,25.554285714285715,28.29,-0.8399999999999999,-1.6000000000000014,1.3606782417464698,0.992708874098054,0.120536680255323
2025-03-21,24.15,0.0,5.4,52.0,25.252857142857142,28.034666666666666,-0.75,-2.110000000000003,1.3360718153650921,0.992708874098054,0.120536680255323
2025-03-21,24.49,0.0,5.4,52.0,25.072857142857142,27.776999999999997,-0.8300000000000018,-1.2600000000000016,1.3127586587215088,0.992708874098054,0.120536680255323
2025-03-22,24.15,0.2,7.5,50.0,24.810000000000002,27.521666666666665,-0.7600000000000016,-1.8399999999999999,1.2992586739757401,0.992708874098054,0.120536680255323
2025-03-22,23.67,0.2,7.5,50.0,24.512857142857143,27.279999999999998,-0.4799999999999969,-2.0799999999999983,1.2865002331841877,0.992708874098054,0.120536680255323
2025-03-22,23.87,0.2,7.5,50.0,24.365714285714287,27.028666666666666,-0.6199999999999974,-1.0299999999999976,1.2744318836755042,0.992708874098054,0.120536680255323
2025-03-23,23.71,4.2,8.4,56.0,24.13571428571429,26.786999999999995,-0.4399999999999977,-1.6099999999999994,1.4331672285163461,0.992708874098054,0.120536680255323
2025-03-23,23.6,4.2,8.4,56.0,23.94857142857143,26.572,-0.07000000000000028,-1.3099999999999987,1.5835742032358489,0.992708874098054,0.120536680255323
2025-03-23,23.66,4.2,8.4,56.0,23.87857142857143,26.344,-0.21000000000000085,-0.48999999999999844,1.724519002028399,0.992708874098054,0.120536680255323
2025-03-24,24.4,0.0,6.7,57.0,23.865714285714287,26.155333333333335,0.6899999999999977,-0.08999999999999986,1.6853481944310915,1.0,-1.6081226496766366e-16
2025-03-24,23.67,0.0,6.7,57.0,23.797142857142855,25.973666666666666,0.07000000000000028,-0.4799999999999969,1.6487379680651026,1.0,-1.6081226496766366e-16
2025-03-24,24.0,0.0,6.7,57.0,23.844285714285714,25.787333333333333,0.33999999999999986,0.3299999999999983,1.614420895892318,1.0,-1.6081226496766366e-16
2025-03-25,25.06,1.3,7.9,60.0,24.014285714285712,25.652,0.6600000000000001,1.1899999999999977,1.1486331667529674,1.0,-1.6081226496766366e-16
2025-03-25,24.38,1.3,7.9,60.0,24.109999999999996,25.515333333333334,0.7099999999999973,0.6699999999999982,0.6932523620408759,1.0,-1.6081226496766366e-16
2025-03-25,24.74,1.3,7.9,60.0,24.27285714285714,25.381333333333334,0.7399999999999984,1.139999999999997,0.24091249242407475,1.0,-1.6081226496766366e-16
2025-03-26,25.66,0.0,7.5,51.0,24.55857142857143,25.287,0.6000000000000014,2.0,0.1310572652626036,1.0,-1.6081226496766366e-16
2025-03-26,25.06,0.0,7.5,51.0,24.65285714285714,25.205666666666666,0.6799999999999997,0.6600000000000001,0.021216846588692176,1.0,-1.6081226496766366e-16
2025-03-26,25.39,0.0,7.5,51.0,24.898571428571433,25.11933333333333,0.6500000000000021,1.7199999999999989,-0.08863683494841114,1.0,-1.6081226496766366e-16
2025-03-27,26.09,2.2,9.8,56.0,25.197142857142858,25.072333333333333,0.4299999999999997,2.09,0.005192021411595275,1.0,-1.6081226496766366e-16
2025-03-27,25.66,2.2,9.8,56.0,25.282857142857146,25.033333333333335,0.6000000000000014,0.6000000000000014,0.09903183402114749,1.0,-1.6081226496766366e-16
2025-03-27,25.9,2.2,9.8,56.0,25.5,24.99266666666667,0.509999999999998,1.5199999999999996,0.19285751455582142,1.0,-1.6081226496766366e-16
2025-03-28,26.42,0.1,17.4,62.0,25.740000000000002,24.979,0.33000000000000185,1.6800000000000033,0.19615334365298728,1.0,-1.6081226496766366e-16
2025-03-28,26.07,0.1,17.4,62.0,25.798571428571428,24.973000000000003,0.41000000000000014,0.41000000000000014,0.19946259084732432,1.0,-1.6081226496766366e-16
2025-03-28,26.26,0.1,17.4,62.0,25.97,24.96466666666667,0.360000000000003,1.2000000000000028,0.20278513401029372,1.0,-1.6081226496766366e-16
2025-03-29,26.69,2.1,18.7,67.0,26.155714285714282,24.979,0.2699999999999996,1.3000000000000007,0.07487549978000589,1.0,-1.6081226496766366e-16
2025-03-29,26.39,2.1,18.7,67.0,26.19857142857143,25.000333333333334,0.3200000000000003,0.3000000000000007,-0.05304113311237201,1.0,-1.6081226496766366e-16
2025-03-29,26.49,2.1,18.7,67.0,26.317142857142862,25.017,0.22999999999999687,0.8299999999999983,-0.180949730344047,1.0,-1.6081226496766366e-16
2025-03-30,26.6,17.4,18.0,82.0,26.41714285714286,25.045333333333335,-0.08999999999999986,0.7000000000000028,0.4988964849223706,1.0,-1.6081226496766366e-16
2025-03-30,26.01,17.4,18.0,82.0,26.358571428571427,25.082333333333334,-0.379999999999999,-0.41000000000000014,1.1707826193145314,1.0,-1.6081226496766366e-16
2025-03-30,26.31,17.4,18.0,82.0,26.392857142857142,25.115333333333336,-0.17999999999999972,0.23999999999999844,1.8166451673374056,1.0,-1.6081226496766366e-16
2025-03-31,26.04,0.0,7.6,61.0,26.361428571428572,25.153000000000002,-0.5600000000000023,-0.22000000000000242,1.7807065244870985,0.992708874098054,-0.12053668025532288
2025-03-31,25.53,0.0,7.6,61.0,26.19571428571428,25.199,-0.4800000000000004,-1.1600000000000001,1.7468241668675986,0.992708874098054,-0.12053668025532288
2025-03-31,25.8,0.0,7.6,61.0,26.111428571428572,25.242666666666665,-0.509999999999998,-0.5899999999999999,1.7148091638290803,0.992708874098054,-0.12053668025532288
2025-04-01,25.53,0.0,5.6,61.0,25.974285714285713,25.288666666666668,-0.509999999999998,-0.9599999999999973,1.6762856663570664,0.992708874098054,-0.12053668025532288
2025-04-01,24.6,0.0,5.6,61.0,25.68857142857143,25.319666666666667,-0.9299999999999997,-2.0,1.639712788746427,0.992708874098054,-0.12053668025532288
2025-04-01,24.99,0.0,5.6,61.0,25.542857142857144,25.356999999999996,-0.8100000000000023,-1.0200000000000031,1.6049131538450156,0.992708874098054,-0.12053668025532288
2025-04-02,24.6,17.8,14.8,74.0,25.298571428571428,25.386666666666667,-0.9299999999999997,-1.7099999999999973,2.120872353250576,0.992708874098054,-0.12053668025532288
2025-04-02,23.64,17.8,14.8,74.0,24.95571428571429,25.387999999999998,-0.9600000000000009,-2.3999999999999986,2.5887679222964306,0.992708874098054,-0.12053668025532288
2025-04-02,24.08,17.8,14.8,74.0,24.74857142857143,25.401999999999997,-0.9100000000000001,-1.4500000000000028,2.9948740330829158,0.992708874098054,-0.12053668025532288
2025-04-03,23.64,0.7,13.4,70.0,24.44,25.376666666666665,-0.9600000000000009,-2.16,2.896213942946249,0.992708874098054,-0.12053668025532288
2025-04-03,22.55,0.7,13.4,70.0,24.014285714285712,25.339333333333336,-1.0899999999999999,-2.9800000000000004,2.808436155067615,0.992708874098054,-0.12053668025532288
2025-04-03,23.06,0.7,13.4,70.0,23.794285714285714,25.308,-1.0199999999999996,-1.5400000000000027,2.729754563802032,0.992708874098054,-0.12053668025532288
2025-04-04,22.57,12.5,8.9,76.0,23.448571428571427,25.225,-1.0700000000000003,-2.419999999999998,2.9900259787117123,0.992708874098054,-0.12053668025532288
2025-04-04,21.52,12.5,8.9,76.0,23.00857142857143,25.129666666666665,-1.0300000000000011,-3.080000000000002,3.2072159550435635,0.992708874098054,-0.12053668025532288
2025-04-04,22.0,12.5,8.9,76.0,22.774285714285714,25.038333333333338,-1.0599999999999987,-1.6400000000000006,3.382541286639505,0.992708874098054,-0.12053668025532288
2025-04-05,21.54,44.3,8.7,89.0,22.41142857142857,24.901,-1.0300000000000011,-2.539999999999999,4.352373511719469,0.992708874098054,-0.12053668025532288
2025-04-05,20.72,44.3,8.7,89.0,21.994285714285713,24.756333333333334,-0.8000000000000007,-2.9200000000000017,4.991237041587618,0.992708874098054,-0.12053668025532288
2025-04-05,21.09,44.3,8.7,89.0,21.785714285714285,24.613000000000003,-0.9100000000000001,-1.4600000000000009,5.342698239528012,0.992708874098054,-0.12053668025532288
2025-04-06,21.35,0.8,6.7,55.0,21.541428571428572,24.455,-0.18999999999999773,-1.7099999999999973,4.774682372058197,0.992708874098054,-0.12053668025532288
2025-04-06,20.7,0.8,6.7,55.0,21.274285714285718,24.28966666666667,-0.019999999999999574,-1.870000000000001,4.351470277121494,0.992708874098054,-0.12053668025532288
2025-04-06,20.92,0.8,6.7,55.0,21.18857142857143,24.123666666666665,-0.16999999999999815,-0.5999999999999979,4.019987685304943,0.992708874098054,-0.12053668025532288
2025-04-07,23.11,0.0,5.7,55.0,21.34714285714286,24.013333333333332,1.759999999999998,1.1099999999999994,3.7701128225930898,0.9709418174260521,-0.2393156642875575
2025-04-07,21.34,0.0,5.7,55.0,21.31857142857143,23.855666666666664,0.6400000000000006,-0.1999999999999993,3.5615326790595714,0.9709418174260521,-0.2393156642875575
2025-04-07,22.24,0.0,5.7,55.0,21.535714285714285,23.721666666666668,1.3199999999999967,1.5199999999999996,3.3839857977136703,0.9709418174260521,-0.2393156642875575
2025-04-08,25.12,0.0,2.2,59.0,22.111428571428572,23.669333333333334,2.0100000000000016,4.030000000000001,3.2036060695773614,0.9709418174260521,-0.2393156642875575
2025-04-08,23.11,0.0,2.2,59.0,22.362857142857145,23.560000000000002,1.7699999999999996,1.759999999999998,3.045891454573581,0.9709418174260521,-0.2393156642875575
2025-04-08,24.06,0.0,2.2,59.0,22.842857142857138,23.479,1.8200000000000003,3.3599999999999994,2.9062511578948484,0.9709418174260521,-0.2393156642875575
2025-04-09,27.5,5.2,6.2,59.0,23.782857142857146,23.509,2.379999999999999,6.579999999999998,2.653731629338578,0.9709418174260521,-0.2393156642875575
2025-04-09,25.12,5.2,6.2,59.0,24.069999999999997,23.479333333333333,2.0100000000000016,2.0100000000000016,2.4244739852494073,0.9709418174260521,-0.2393156642875575
2025-04-09,26.33,5.2,6.2,59.0,24.782857142857143,23.48,2.2699999999999996,4.989999999999998,2.2130208065500665,0.9709418174260521,-0.2393156642875575
2025-04-10,29.56,2.8,10.0,74.0,25.82857142857143,23.59733333333333,2.0599999999999987,7.32,2.2008217809741017,0.9709418174260521,-0.2393156642875575
2025-04-10,27.5,2.8,10.0,74.0,26.16857142857143,23.663,2.379999999999999,2.379999999999999,2.1891538144855516,0.9709418174260521,-0.2393156642875575
2025-04-10,28.58,2.8,10.0,74.0,26.949999999999996,23.755666666666666,2.25,5.469999999999999,2.177983295963238,0.9709418174260521,-0.2393156642875575
2025-04-11,31.02,0.5,8.2,68.0,27.944285714285712,23.938666666666666,1.4600000000000009,6.960000000000001,2.1400576629175947,0.9709418174260521,-0.2393156642875575
2025-04-11,29.56,0.5,8.2,68.0,28.23857142857143,24.103999999999996,2.0599999999999987,2.0599999999999987,2.1043171714126863,0.9709418174260521,-0.2393156642875575
2025-04-11,30.36,0.5,8.2,68.0,28.987142857142857,24.283,1.7800000000000011,5.239999999999998,2.0705683180018184,0.9709418174260521,-0.2393156642875575
2025-04-12,32.18,0.0,7.9,54.0,29.822857142857142,24.535666666666668,1.1600000000000001,5.850000000000001,1.8277867619232198,0.9709418174260521,-0.2393156642875575
2025-04-12,31.01,0.0,7.9,54.0,30.029999999999998,24.781333333333336,1.4500000000000028,1.4500000000000028,1.5952425796020786,0.9709418174260521,-0.2393156642875575
2025-04-12,31.59,0.0,7.9,54.0,30.61428571428571,25.03166666666667,1.2300000000000004,4.09,1.3701092402176263,0.9709418174260521,-0.2393156642875575
2025-04-13,33.09,2.8,12.7,56.0,31.25857142857143,25.346666666666668,0.9100000000000037,4.510000000000005,1.380972302790703,0.9709418174260521,-0.2393156642875575
2025-04-13,32.17,2.8,12.7,56.0,31.422857142857143,25.667333333333332,1.1600000000000001,1.1500000000000021,1.3916009765529058,0.9709418174260521,-0.2393156642875575
2025-04-13,32.62,2.8,12.7,56.0,31.859999999999996,25.986,1.0299999999999976,3.0599999999999987,1.4019979035916608,0.9709418174260521,-0.2393156642875575
2025-04-14,34.02,0.0,16.5,57.0,32.38285714285714,26.367666666666665,0.9299999999999997,3.6600000000000037,1.2447203056785645,0.9350162426854148,-0.35460488704253545
2025-04-14,33.09,0.0,16.5,57.0,32.51285714285714,26.753333333333334,0.9200000000000017,0.9100000000000037,1.0904746233153961,0.9350162426854148,-0.35460488704253545
2025-04-14,33.54,0.0,16.5,57.0,32.87428571428571,27.137999999999998,0.9200000000000017,2.5299999999999976,0.9384794605992915,0.9350162426854148,-0.35460488704253545
2025-04-15,34.97,0.0,10.3,47.0,33.357142857142854,27.58566666666667,0.9499999999999957,3.379999999999999,0.4188900199944093,0.9350162426854148,-0.35460488704253545
2025-04-15,34.02,0.0,10.3,47.0,33.49,28.029,0.9299999999999997,0.9299999999999997,-0.10016738451066834,0.9350162426854148,-0.35460488704253545
2025-04-15,34.48,0.0,10.3,47.0,33.82,28.47533333333333,0.9399999999999977,2.309999999999995,-0.6184678535054112,0.9350162426854148,-0.35460488704253545
2025-04-16,35.67,0.0,9.8,48.0,34.255714285714284,28.95266666666667,0.7000000000000028,3.0500000000000043,-0.625081810823507,0.9350162426854148,-0.35460488704253545
2025-04-16,34.94,0.0,9.8,48.0,34.387142857142855,29.42733333333333,0.9199999999999946,0.9199999999999946,-0.6316858684051339,0.9350162426854148,-0.35460488704253545
2025-04-16,35.29,0.0,9.8,48.0,34.70142857142857,29.906333333333336,0.8100000000000023,2.1999999999999957,-0.6382795910607447,0.9350162426854148,-0.35460488704253545
2025-04-17,36.39,0.4,14.4,46.0,35.10857142857143,30.349,0.7199999999999989,2.8500000000000014,-0.6307365062021878,0.9350162426854148,-0.35460488704253545
2025-04-17,35.65,0.4,14.4,46.0,35.205714285714286,30.826,0.7100000000000009,0.6799999999999997,-0.6232537734403051,0.9350162426854148,-0.35460488704253545
2025-04-17,36.01,0.4,14.4,46.0,35.49,31.285,0.7199999999999989,1.9899999999999949,-0.6158293533919007,0.9350162426854148,-0.35460488704253545
2025-04-18,37.08,0.1,20.6,61.0,35.86142857142857,31.683666666666667,0.6899999999999977,2.6000000000000014,-0.6120149882614518,0.9350162426854148,-0.35460488704253545
2025-04-18,36.36,0.1,20.6,61.0,35.96,32.12533333333333,0.7100000000000009,0.6899999999999977,-0.6082394203024692,0.9350162426854148,-0.35460488704253545
2025-04-18,36.72,0.1,20.6,61.0,36.214285714285715,32.547333333333334,0.7100000000000009,1.7800000000000011,-0.6045017254370345,0.9350162426854148,-0.35460488704253545
2025-04-19,37.65,14.1,15.7,81.0,36.55142857142857,32.885666666666665,0.5700000000000003,2.3599999999999994,-0.495863264614442,0.9350162426854148,-0.35460488704253545
2025-04-19,37.08,14.1,15.7,81.0,36.64999999999999,33.28433333333333,0.7199999999999989,0.6899999999999977,-0.3875127774003963,0.9350162426854148,-0.35460488704253545
2025-04-19,37.37,14.1,15.7,81.0,36.895714285714284,33.65233333333333,0.6499999999999986,1.7199999999999989,-0.27932890536102223,0.9350162426854148,-0.35460488704253545
2025-04-20,38.28,9.8,15.2,77.0,37.21999999999999,33.943,0.6300000000000026,2.270000000000003,-0.1941143756732734,0.9350162426854148,-0.35460488704253545
2025-04-20,37.64,9.8,15.2,77.0,37.300000000000004,34.281,0.5600000000000023,0.5600000000000023,-0.10892843670077765,0.9350162426854148,-0.35460488704253545
2025-04-20,37.93,9.8,15.2,77.0,37.52428571428571,34.592666666666666,0.5600000000000023,1.5700000000000003,-0.023747726935346138,0.9350162426854148,-0.35460488704253545
2025-04-21,39.05,13.5,16.1,67.0,37.857142857142854,34.86033333333333,0.769999999999996,2.3299999999999983,0.13438504407869595,0.8854560256532099,-0.4647231720437685
2025-04-21,38.25,13.5,16.1,67.0,37.94285714285714,35.15,0.6099999999999994,0.6000000000000014,0.2924542160564784,0.8854560256532099,-0.4647231720437685
2025-04-21,38.64,13.5,16.1,67.0,38.16571428571428,35.426,0.7100000000000009,1.5600000000000023,0.4503042063744363,0.8854560256532099,-0.4647231720437685
2025-04-22,39.71,0.0,14.7,66.0,38.5,35.67700000000001,0.6600000000000037,2.3400000000000034,0.4487440045345689,0.8854560256532099,-0.4647231720437685
2025-04-22,39.03,0.0,14.7,66.0,38.607142857142854,35.94433333333334,0.7800000000000011,0.75,0.44719992533060193,0.8854560256532099,-0.4647231720437685
2025-04-22,39.38,0.0,14.7,66.0,38.855714285714285,36.20399999999999,0.740000000000002,1.740000000000002,0.44567169275322754,0.8854560256532099,-0.4647231720437685
2025-04-23,40.24,0.0,18.2,57.0,39.18571428571429,36.44233333333333,0.5300000000000011,2.3100000000000023,0.40965298389940047,0.8854560256532099,-0.4647231720437685
2025-04-23,39.68,0.0,18.2,57.0,39.27571428571429,36.69266666666667,0.6499999999999986,0.6300000000000026,0.3737081545824635,0.8854560256532099,-0.4647231720437685
2025-04-23,39.98,0.0,18.2,57.0,39.52285714285714,36.938,0.5999999999999943,1.7299999999999969,0.3378244098775614,0.8854560256532099,-0.4647231720437685
2025-04-24,40.95,0.0,18.6,56.0,39.85285714285715,37.169000000000004,0.7100000000000009,2.3100000000000023,0.3367768120761128,0.8854560256532099,-0.4647231720437685
2025-04-24,40.2,0.0,18.6,56.0,39.92285714285714,37.40599999999999,0.5200000000000031,0.490000000000002,0.3357389064053862,0.8854560256532099,-0.4647231720437685
2025-04-24,40.64,0.0,18.6,56.0,40.152857142857144,37.64266666666666,0.6600000000000037,1.6099999999999994,0.3290512692657187,0.8854560256532099,-0.4647231720437685
2025-04-25,41.44,13.5,19.2,76.0,40.44714285714286,37.858333333333334,0.4899999999999949,2.059999999999995,0.49130249172637425,0.8854560256532099,-0.4647231720437685
2025-04-25,40.9,13.5,19.2,76.0,40.54142857142857,38.087666666666664,0.6999999999999957,0.6599999999999966,0.6530680032779869,0.8854560256532099,-0.4647231720437685
2025-04-25,41.17,13.5,19.2,76.0,40.75428571428571,38.31066666666666,0.5300000000000011,1.490000000000002,0.8140083130987245,0.8854560256532099,-0.4647231720437685
2025-04-26,41.95,0.1,13.9,62.0,41.035714285714285,38.52,0.5100000000000051,1.970000000000006,0.8059262495941365,0.8854560256532099,-0.4647231720437685
2025-04-26,41.38,0.1,13.9,62.0,41.097142857142856,38.73466666666666,0.480000000000004,0.4299999999999997,0.7979018100177208,0.8854560256532099,-0.4647231720437685
2025-04-26,41.7,0.1,13.9,62.0,41.31142857142857,38.94833333333334,0.5300000000000011,1.5,0.7899332107417166,0.8854560256532099,-0.4647231720437685
2025-04-27,42.24,0.0,12.1,57.0,41.540000000000006,39.14333333333333,0.28999999999999915,1.6000000000000014,0.7757327568995424,0.8854560256532099,-0.4647231720437685
2025-04-27,41.91,0.0,12.1,57.0,41.607142857142854,39.352,0.529999999999994,0.46999999999999886,0.7616336966580394,0.8854560256532099,-0.4647231720437685
2025-04-27,42.06,0.0,12.1,57.0,41.77285714285715,39.553666666666665,0.35999999999999943,1.1600000000000037,0.7476341968860243,0.8854560256532099,-0.4647231720437685
2025-04-28,42.26,0.0,18.8,56.0,41.92857142857143,39.72633333333333,0.01999999999999602,1.0899999999999963,0.7375102434850663,0.8229838658936565,-0.5680647467311557
2025-04-28,42.12,0.0,18.8,56.0,41.95285714285715,39.91833333333334,0.21000000000000085,0.1699999999999946,0.7274396865217602,0.8229838658936565,-0.5680647467311557
2025-04-28,42.18,0.0,18.8,56.0,42.06714285714286,40.10033333333333,0.11999999999999744,0.7999999999999972,0.7174197143771743,0.8229838658936565,-0.5680647467311557
2025-04-29,42.36,1.4,22.4,64.0,42.16142857142857,40.257333333333335,0.10000000000000142,0.6599999999999966,0.5467508979328505,0.8229838658936565,-0.5680647467311557
2025-04-29,42.22,1.4,22.4,64.0,42.15857142857142,40.42866666666667,0.10000000000000142,-0.020000000000003126,0.3762745363783441,0.8229838658936565,-0.5680647467311557
2025-04-29,42.27,1.4,22.4,64.0,42.21,40.592,0.09000000000000341,0.36000000000000654,0.20569418558182884,0.8229838658936565,-0.5680647467311557
2025-04-30,42.39,8.0,13.7,73.0,42.25714285714286,40.729,0.030000000000001137,0.3299999999999983,0.1755542116424904,0.8229838658936565,-0.5680647467311557
2025-04-30,42.27,8.0,13.7,73.0,42.25857142857143,40.88333333333333,0.05000000000000426,0.010000000000005116,0.14524662215842626,0.8229838658936565,-0.5680647467311557
2025-04-30,42.33,8.0,13.7,73.0,42.28857142857142,41.03,0.05999999999999517,0.21000000000000085,0.1147498662329399,0.8229838658936565,-0.5680647467311557
2025-05-01,42.42,17.3,18.8,80.0,42.32285714285714,41.14233333333333,0.030000000000001137,0.240000000000002,0.157372463923568,0.8229838658936565,-0.5680647467311557
2025-05-01,42.24,17.3,18.8,80.0,42.30571428571428,41.275333333333336,-0.030000000000001137,-0.11999999999999744,0.20007542233606526,0.8229838658936565,-0.5680647467311557
2025-05-01,42.35,17.3,18.8,80.0,42.324285714285715,41.399,0.020000000000003126,0.13000000000000256,0.2428661908917065,0.8229838658936565,-0.5680647467311557
2025-05-02,42.37,0.3,17.1,69.0,42.33857142857143,41.48766666666666,-0.05000000000000426,0.09999999999999432,0.23937749629021607,0.8229838658936565,-0.5680647467311557
2025-05-02,42.15,0.3,17.1,69.0,42.30428571428571,41.59166666666667,-0.09000000000000341,-0.240000000000002,0.23585585324551478,0.8229838658936565,-0.5680647467311557
2025-05-02,42.25,0.3,17.1,69.0,42.30142857142857,41.687333333333335,-0.10000000000000142,-0.020000000000003126,0.23230024631254845,0.8229838658936565,-0.5680647467311557
2025-05-03,42.35,11.7,12.8,77.0,42.30428571428571,41.757666666666665,-0.01999999999999602,0.020000000000003126,0.38204524866093453,0.8229838658936565,-0.5680647467311557
2025-05-03,42.13,11.7,12.8,77.0,42.262857142857136,41.839333333333336,-0.01999999999999602,-0.28999999999999915,0.5321328778340031,0.8229838658936565,-0.5680647467311557
2025-05-03,42.21,11.7,12.8,77.0,42.25857142857143,41.91366666666667,-0.03999999999999915,-0.030000000000001137,0.6822403732773644,0.8229838658936565,-0.5680647467311557
2025-05-04,42.21,3.8,10.4,67.0,42.23857142857143,41.95566666666666,-0.14000000000000057,-0.14000000000000057,0.7252081158693622,0.8229838658936565,-0.5680647467311557
2025-05-04,41.84,3.8,10.4,67.0,42.16285714285714,42.01033333333334,-0.28999999999999915,-0.529999999999994,0.7682075665457688,0.8229838658936565,-0.5680647467311557
2025-05-04,42.02,3.8,10.4,67.0,42.144285714285715,42.056333333333335,-0.18999999999999773,-0.12999999999999545,0.8112273815010661,0.8229838658936565,-0.5680647467311557
2025-05-05,41.88,0.4,12.0,69.0,42.09142857142858,42.071,-0.3299999999999983,-0.36999999999999744,0.6252302824149,0.7485107481711013,-0.663122658240795
2025-05-05,41.32,0.4,12.0,69.0,41.94428571428572,42.08500000000001,-0.5200000000000031,-1.0300000000000011,0.440357794592435,0.7485107481711013,-0.663122658240795
2025-05-05,41.63,0.4,12.0,69.0,41.87285714285714,42.10033333333333,-0.39000000000000057,-0.5,0.256237171739716,0.7485107481711013,-0.663122658240795
2025-05-06,41.37,0.0,14.2,70.0,41.752857142857145,42.081,-0.5100000000000051,-0.8400000000000034,0.24971605570808048,0.7485107481711013,-0.663122658240795
2025-05-06,40.85,0.0,14.2,70.0,41.55857142857143,42.06333333333334,-0.46999999999999886,-1.3599999999999994,0.24321210446547986,0.7485107481711013,-0.663122658240795
2025-05-06,41.09,0.0,14.2,70.0,41.45142857142857,42.043,-0.5399999999999991,-0.75,0.23672497269844506,0.7485107481711013,-0.663122658240795
2025-05-07,40.93,0.0,17.2,62.0,41.29571428571428,41.99933333333333,-0.4399999999999977,-1.0900000000000034,0.23152087010074215,0.7485107481711013,-0.663122658240795
2025-05-07,40.76,0.0,17.2,62.0,41.135714285714286,41.961,-0.09000000000000341,-1.1200000000000045,0.22622711375176968,0.7485107481711013,-0.663122658240795
2025-05-07,40.86,0.0,17.2,62.0,41.07,41.92100000000001,-0.23000000000000398,-0.46000000000000085,0.2208423873881635,0.7485107481711013,-0.663122658240795
2025-05-08,40.82,0.5,16.5,66.0,40.95428571428572,41.873000000000005,-0.10999999999999943,-0.8100000000000023,0.2223187525260425,0.7485107481711013,-0.663122658240795
2025-05-08,40.36,0.5,16.5,66.0,40.809999999999995,41.81433333333333,-0.3999999999999986,-1.009999999999998,0.2237682489503058,0.7485107481711013,-0.663122658240795
2025-05-08,40.61,0.5,16.5,66.0,40.77571428571429,41.76200000000001,-0.25,-0.240000000000002,0.22519098630098996,0.7485107481711013,-0.663122658240795
2025-05-09,40.39,0.0,14.0,56.0,40.675714285714285,41.69633333333333,-0.4299999999999997,-0.7000000000000028,0.20033170814401796,0.7485107481711013,-0.663122658240795
2025-05-09,40.04,0.0,14.0,56.0,40.54857142857143,41.623666666666665,-0.3200000000000003,-0.8900000000000006,0.17549744265542616,0.7485107481711013,-0.663122658240795
2025-05-09,40.21,0.0,14.0,56.0,40.46999999999999,41.55499999999999,-0.3999999999999986,-0.5499999999999972,0.15068345789369184,0.7485107481711013,-0.663122658240795
2025-05-10,40.08,0.0,15.5,49.0,40.35857142857143,41.478,-0.3100000000000023,-0.7800000000000011,0.03411202774325164,0.7485107481711013,-0.663122658240795
2025-05-10,39.47,0.0,15.5,49.0,40.16571428571429,41.384666666666675,-0.5700000000000003,-1.3500000000000014,-0.08232653864398141,0.7485107481711013,-0.663122658240795
2025-05-10,39.76,0.0,15.5,49.0,40.08,41.299,-0.45000000000000284,-0.6000000000000014,-0.19862037373219824,0.7485107481711013,-0.663122658240795
2025-05-11,39.48,0.0,16.8,47.0,39.91857142857142,41.20100000000001,-0.6000000000000014,-1.1300000000000026,-0.444708128980053,0.7485107481711013,-0.663122658240795
2025-05-11,38.8,0.0,16.8,47.0,39.69142857142857,41.086333333333336,-0.6700000000000017,-1.5900000000000034,-0.6897176108207234,0.7485107481711013,-0.663122658240795
2025-05-11,39.11,0.0,16.8,47.0,39.558571428571426,40.97833333333333,-0.6499999999999986,-0.9299999999999997,-0.93276841592864,0.7485107481711013,-0.663122658240795
2025-05-12,38.84,3.8,18.8,65.0,39.36285714285714,40.860666666666674,-0.6399999999999935,-1.3699999999999974,-0.8835390823686835,0.6631226582407952,-0.7485107481711012
2025-05-12,38.31,3.8,18.8,65.0,39.11,40.73266666666667,-0.4899999999999949,-1.769999999999996,-0.8347794091225877,0.6631226582407952,-0.7485107481711012
2025-05-12,38.55,3.8,18.8,65.0,38.97857142857142,40.60933333333333,-0.5600000000000023,-0.9200000000000017,-0.7864447906567477,0.6631226582407952,-0.7485107481711012
2025-05-13,38.33,0.7,20.0,79.0,38.77428571428571,40.47533333333333,-0.5100000000000051,-1.4299999999999997,-0.9411762035528156,0.6631226582407952,-0.7485107481711012
2025-05-13,37.83,0.7,20.0,79.0,38.53857142857142,40.332,-0.480000000000004,-1.6499999999999986,-1.0944515742134024,0.6631226582407952,-0.7485107481711012
2025-05-13,38.05,0.7,20.0,79.0,38.43142857142857,40.193333333333335,-0.5,-0.75,-1.245801369585445,0.6631226582407952,-0.7485107481711012
2025-05-14,37.85,0.7,20.8,73.0,38.25142857142857,40.048,-0.4799999999999969,-1.259999999999998,-1.2856750735979896,0.6631226582407952,-0.7485107481711012
2025-05-14,37.43,0.7,20.8,73.0,38.050000000000004,39.900999999999996,-0.3999999999999986,-1.4100000000000037,-1.3252219704354562,0.6631226582407952,-0.7485107481711012
2025-05-14,37.62,0.7,20.8,73.0,37.951428571428565,39.75433333333333,-0.4299999999999997,-0.6900000000000048,-1.364427066670787,0.6631226582407952,-0.7485107481711012
2025-05-15,37.46,0.3,24.6,73.0,37.79571428571428,39.607,-0.39000000000000057,-1.0899999999999963,-1.361136962911589,0.6631226582407952,-0.7485107481711012
2025-05-15,37.1,0.3,24.6,73.0,37.62,39.46633333333333,-0.3299999999999983,-1.2299999999999969,-1.357368264351624,0.6631226582407952,-0.7485107481711012
2025-05-15,37.26,0.3,24.6,73.0,37.53857142857142,39.32066666666667,-0.35999999999999943,-0.5700000000000003,-1.3531401565950676,0.6631226582407952,-0.7485107481711012
2025-05-16,37.14,0.4,22.3,59.0,37.40857142857143,39.17966666666666,-0.3200000000000003,-0.9099999999999966,-1.3422035081857857,0.6631226582407952,-0.7485107481711012
2025-05-16,36.79,0.4,22.3,59.0,37.25714285714286,39.044333333333334,-0.3100000000000023,-1.0600000000000023,-1.3315071721628373,0.6631226582407952,-0.7485107481711012
2025-05-16,36.94,0.4,22.3,59.0,37.18714285714286,38.906,-0.3200000000000003,-0.490000000000002,-1.321045373841044,0.6631226582407952,-0.7485107481711012
2025-05-17,36.85,0.0,19.4,43.0,37.07714285714285,38.769999999999996,-0.28999999999999915,-0.769999999999996,-1.3161755641576331,0.6631226582407952,-0.7485107481711012
2025-05-17,36.53,0.0,19.4,43.0,36.94428571428572,38.629000000000005,-0.259999999999998,-0.9299999999999997,-1.3113733698394647,0.6631226582407952,-0.7485107481711012
2025-05-17,36.66,0.0,19.4,43.0,36.881428571428565,38.489,-0.28000000000000114,-0.44000000000000483,-1.3066377485351535,0.6631226582407952,-0.7485107481711012
2025-05-18,36.59,0.0,16.6,55.0,36.785714285714285,38.348,-0.259999999999998,-0.6699999999999946,-1.3078168752490764,0.6631226582407952,-0.7485107481711012
2025-05-18,36.22,0.0,16.6,55.0,36.65428571428572,38.21000000000001,-0.3100000000000023,-0.9200000000000017,-1.3080996277704147,0.6631226582407952,-0.7485107481711012
2025-05-18,36.4,0.0,16.6,55.0,36.598571428571425,38.06966666666666,-0.259999999999998,-0.39000000000000057,-1.3075353225731958,0.6631226582407952,-0.7485107481711012
2025-05-19,36.27,0.0,18.3,58.0,36.50285714285714,37.93233333333333,-0.3200000000000003,-0.6699999999999946,-1.2999311911114495,0.5680647467311558,-0.8229838658936564
2025-05-19,35.93,0.0,18.3,58.0,36.371428571428574,37.79533333333333,-0.28999999999999915,-0.9200000000000017,-1.2921066351238435,0.5680647467311558,-0.8229838658936564
2025-05-19,36.1,0.0,18.3,58.0,36.31,37.65833333333333,-0.29999999999999716,-0.4299999999999997,-1.2840748547945156,0.5680647467311558,-0.8229838658936564
2025-05-20,35.96,22.4,20.6,76.0,36.21,37.520999999999994,-0.3100000000000023,-0.6999999999999957,-0.9798376375809102,0.5680647467311558,-0.8229838658936564
2025-05-20,35.64,22.4,20.6,76.0,36.074285714285715,37.39333333333333,-0.28999999999999915,-0.9500000000000028,-0.679147471443667,0.5680647467311558,-0.8229838658936564
2025-05-20,35.8,22.4,20.6,76.0,36.01428571428571,37.26133333333333,-0.30000000000000426,-0.4200000000000017,-0.3805500029772175,0.5680647467311558,-0.8229838658936564
2025-05-21,35.69,0.1,15.9,71.0,35.91285714285714,37.135000000000005,-0.2700000000000031,-0.7100000000000009,-0.3809370363475524,0.5680647467311558,-0.8229838658936564
2025-05-21,35.3,0.1,15.9,71.0,35.77428571428572,37.01833333333333,-0.3400000000000034,-0.970000000000006,-0.3813156123260178,0.5680647467311558,-0.8229838658936564
2025-05-21,35.52,0.1,15.9,71.0,35.715714285714284,36.89866666666667,-0.27999999999999403,-0.4099999999999966,-0.381685703157775,0.5680647467311558,-0.8229838658936564
2025-05-22,35.33,0.6,12.9,66.0,35.605714285714285,36.78166666666666,-0.35999999999999943,-0.7700000000000031,-0.42578982573093604,0.5680647467311558,-0.8229838658936564
2025-05-22,34.89,0.6,12.9,66.0,35.45285714285715,36.66766666666667,-0.4099999999999966,-1.0700000000000003,-0.46924742191356833,0.5680647467311558,-0.8229838658936564
2025-05-22,35.13,0.6,12.9,66.0,35.38,36.553666666666665,-0.39000000000000057,-0.509999999999998,-0.5120248021064635,0.5680647467311558,-0.8229838658936564
2025-05-23,34.94,0.0,13.3,67.0,35.25714285714286,36.440666666666665,-0.39000000000000057,-0.8599999999999994,-0.5210942986343357,0.5680647467311558,-0.8229838658936564
2025-05-23,34.54,0.0,13.3,67.0,35.09285714285714,36.330999999999996,-0.3500000000000014,-1.1499999999999986,-0.5300943846927192,0.5680647467311558,-0.8229838658936564
2025-05-23,34.76,0.0,13.3,67.0,35.01571428571428,36.22133333333333,-0.37000000000000455,-0.5399999999999991,-0.5390241197821337,0.5680647467311558,-0.8229838658936564
2025-05-24,34.6,0.0,15.9,61.0,34.88428571428572,36.11300000000001,-0.3399999999999963,-0.9200000000000017,-0.5489310439420131,0.5680647467311558,-0.8229838658936564
2025-05-24,34.14,0.0,15.9,61.0,34.714285714285715,36.00333333333333,-0.3999999999999986,-1.1899999999999977,-0.5598945042283058,0.5680647467311558,-0.8229838658936564
2025-05-24,34.35,0.0,15.9,61.0,34.637142857142855,35.894333333333336,-0.4099999999999966,-0.5399999999999991,-0.5720039672219052,0.5680647467311558,-0.8229838658936564
2025-05-25,34.15,0.0,15.4,70.0,34.497142857142855,35.784,-0.45000000000000284,-0.980000000000004,-0.579022129942165,0.5680647467311558,-0.8229838658936564
2025-05-25,33.79,0.0,15.4,70.0,34.332857142857144,35.67366666666666,-0.3500000000000014,-1.1499999999999986,-0.5863434514595319,0.5680647467311558,-0.8229838658936564
2025-05-25,33.96,0.0,15.4,70.0,34.25,35.56366666666666,-0.39000000000000057,-0.5799999999999983,-0.5939789480668465,0.5680647467311558,-0.8229838658936564
2025-05-26,33.81,0.0,15.1,59.0,34.114285714285714,35.452666666666666,-0.3399999999999963,-0.9499999999999957,-0.6026987237475774,0.46472317204376906,-0.8854560256532096
2025-05-26,33.6,0.0,15.1,59.0,33.97142857142857,35.346333333333334,-0.18999999999999773,-1.0,-0.6111457448486741,0.46472317204376906,-0.8854560256532096
2025-05-26,33.67,0.0,15.1,59.0,33.90428571428571,35.23733333333334,-0.28999999999999915,-0.46999999999999886,-0.6193159397498776,0.46472317204376906,-0.8854560256532096
2025-05-27,33.68,0.0,17.2,54.0,33.80857142857143,35.13166666666667,-0.13000000000000256,-0.6700000000000017,-0.6220463378299879,0.46472317204376906,-0.8854560256532096
2025-05-27,33.54,0.0,17.2,54.0,33.721428571428575,35.032000000000004,-0.060000000000002274,-0.6099999999999994,-0.6247759513729577,0.46472317204376906,-0.8854560256532096
2025-05-27,33.61,0.0,17.2,54.0,33.69571428571429,34.93033333333333,-0.060000000000002274,-0.17999999999999972,-0.6275047376162287,0.46472317204376906,-0.8854560256532096
2025-05-28,33.79,3.3,17.6,74.0,33.67142857142857,34.837,0.10999999999999943,-0.1700000000000017,-0.585735369462592,0.46472317204376906,-0.8854560256532096
2025-05-28,33.53,3.3,17.6,74.0,33.63142857142857,34.74733333333334,-0.00999999999999801,-0.28000000000000114,-0.544492648562062,0.46472317204376906,-0.8854560256532096
2025-05-28,33.64,3.3,17.6,74.0,33.637142857142855,34.65533333333334,0.030000000000001137,0.03999999999999915,-0.5037349011212336,0.46472317204376906,-0.8854560256532096
2025-05-29,33.8,0.7,15.7,80.0,33.65571428571428,34.573,0.00999999999999801,0.12999999999999545,-0.49697599978451534,0.46472317204376906,-0.8854560256532096
2025-05-29,33.67,0.7,15.7,80.0,33.65428571428571,34.49766666666667,0.14000000000000057,-0.00999999999999801,-0.4886435211839853,0.46472317204376906,-0.8854560256532096
2025-05-29,33.73,0.7,15.7,80.0,33.68142857142857,34.41866666666667,0.0899999999999963,0.18999999999999773,-0.4788732590237347,0.46472317204376906,-0.8854560256532096
2025-05-30,33.77,0.6,17.8,73.0,33.70428571428572,34.34566666666667,-0.02999999999999403,0.1600000000000037,-0.7770040764277296,0.46472317204376906,-0.8854560256532096
2025-05-30,33.63,0.6,17.8,73.0,33.68142857142857,34.27866666666667,-0.03999999999999915,-0.1599999999999966,-1.0711614453701555,0.46472317204376906,-0.8854560256532096
2025-05-30,33.69,0.6,17.8,73.0,33.70428571428572,34.208333333333336,-0.03999999999999915,0.1599999999999966,-1.3593864351447311,0.46472317204376906,-0.8854560256532096
2025-05-31,33.76,0.1,20.9,52.0,33.721428571428575,34.144,-0.010000000000005116,0.11999999999999744,-1.3481779872012785,0.46472317204376906,-0.8854560256532096
2025-05-31,33.63,0.1,20.9,52.0,33.69714285714286,34.08833333333333,0.0,-0.1699999999999946,-1.3371560647296759,0.46472317204376906,-0.8854560256532096
2025-05-31,33.71,0.1,20.9,52.0,33.70285714285715,34.028,0.020000000000003126,0.03999999999999915,-1.3263152842656618,0.46472317204376906,-0.8854560256532096
2025-06-01,33.76,0.0,18.7,39.0,33.70714285714286,33.97566666666667,0.0,0.030000000000001137,-1.3220973304576813,0.46472317204376906,-0.8854560256532096
2025-06-01,33.65,0.0,18.7,39.0,33.69,33.934333333333335,0.01999999999999602,-0.12000000000000455,-1.316667820318229,0.46472317204376906,-0.8854560256532096
2025-06-01,33.7,0.0,18.7,39.0,33.7,33.88666666666666,-0.00999999999999801,0.07000000000000028,-1.3103176717934821,0.46472317204376906,-0.8854560256532096
2025-06-02,33.75,0.0,20.7,47.0,33.70857142857143,33.847,-0.00999999999999801,0.060000000000002274,-1.2961545057126656,0.35460488704253584,-0.9350162426854147
2025-06-02,33.63,0.0,20.7,47.0,33.69,33.81666666666667,-0.01999999999999602,-0.12999999999999545,-1.282192927814186,0.35460488704253584,-0.9350162426854147
2025-06-02,33.69,0.0,20.7,47.0,33.69857142857143,33.781,-0.010000000000005116,0.05999999999999517,-1.2684267963239717,0.35460488704253584,-0.9350162426854147
2025-06-03,33.72,0.3,24.8,58.0,33.7,33.75166666666667,-0.030000000000001137,0.00999999999999801,-1.2504826839440728,0.35460488704253584,-0.9350162426854147
2025-06-03,33.64,0.3,24.8,58.0,33.682857142857145,33.735,0.00999999999999801,-0.11999999999999744,-1.232467405837854,0.35460488704253584,-0.9350162426854147
2025-06-03,33.68,0.3,24.8,58.0,33.68714285714286,33.712666666666664,-0.00999999999999801,0.030000000000001137,-1.214521562172784,0.35460488704253584,-0.9350162426854147
2025-06-04,33.72,14.8,23.1,75.0,33.69,33.69833333333334,0.0,0.01999999999999602,-1.011249702217144,0.35460488704253584,-0.9350162426854147
2025-06-04,33.5,14.8,23.1,75.0,33.65428571428571,33.68866666666666,-0.14000000000000057,-0.25,-0.8102523367848466,0.35460488704253584,-0.9350162426854147
2025-06-04,33.62,14.8,23.1,75.0,33.652857142857144,33.67733333333334,-0.060000000000002274,-0.010000000000005116,-0.6090158338659281,0.35460488704253584,-0.9350162426854147
2025-06-05,33.55,10.1,19.0,86.0,33.63285714285714,33.66866666666667,-0.1700000000000017,-0.14000000000000057,-0.466039951401664,0.35460488704253584,-0.9350162426854147
2025-06-05,33.29,10.1,19.0,86.0,33.57142857142857,33.65833333333333,-0.21000000000000085,-0.4299999999999997,-0.31925195607989626,0.35460488704253584,-0.9350162426854147
2025-06-05,33.42,10.1,19.0,86.0,33.54,33.65,-0.19999999999999574,-0.21999999999999886,-0.1681550183700388,0.35460488704253584,-0.9350162426854147
2025-06-06,33.31,1.6,19.5,82.0,33.48714285714285,33.63766666666667,-0.23999999999999488,-0.36999999999999744,-0.13301373340519462,0.35460488704253584,-0.9350162426854147
2025-06-06,33.0,1.6,19.5,82.0,33.38428571428572,33.61966666666667,-0.28999999999999915,-0.7199999999999989,-0.09667613658342718,0.35460488704253584,-0.9350162426854147
2025-06-06,33.15,1.6,19.5,82.0,33.33428571428571,33.60433333333334,-0.2700000000000031,-0.3500000000000014,-0.05899763088717908,0.35460488704253584,-0.9350162426854147
2025-06-07,33.02,2.6,19.0,85.0,33.24857142857143,33.57866666666667,-0.28999999999999915,-0.5999999999999943,-0.05482292458449954,0.35460488704253584,-0.9350162426854147
2025-06-07,32.65,2.6,19.0,85.0,33.12,33.54933333333334,-0.3500000000000014,-0.8999999999999986,-0.050591677782048886,0.35460488704253584,-0.9350162426854147
2025-06-07,32.83,2.6,19.0,85.0,33.05428571428571,33.52233333333333,-0.3200000000000003,-0.46000000000000085,-0.04629731929113923,0.35460488704253584,-0.9350162426854147
2025-06-08,32.65,2.1,19.9,82.0,32.94428571428571,33.484,-0.37000000000000455,-0.7700000000000031,-0.008657632501278663,0.35460488704253584,-0.9350162426854147
2025-06-08,32.28,2.1,19.9,82.0,32.79714285714286,33.437666666666665,-0.36999999999999744,-1.0300000000000011,0.02935439410145029,0.35460488704253584,-0.9350162426854147
2025-06-08,32.47,2.1,19.9,82.0,32.72142857142857,33.39566666666666,-0.35999999999999943,-0.5300000000000011,0.06748226778069503,0.35460488704253584,-0.9350162426854147
2025-06-09,32.3,0.4,18.6,70.0,32.6,33.346666666666664,-0.3500000000000014,-0.8500000000000014,0.07978625619718877,0.23931566428755768,-0.970941817426052
2025-06-09,31.93,0.4,18.6,70.0,32.44428571428571,33.29,-0.3500000000000014,-1.0900000000000034,0.09300791120862048,0.23931566428755768,-0.970941817426052
2025-06-09,32.08,0.4,18.6,70.0,32.362857142857145,33.23633333333333,-0.39000000000000057,-0.5700000000000003,0.10727744453981125,0.23931566428755768,-0.970941817426052
2025-06-10,31.93,0.0,17.4,69.0,32.23428571428571,33.175333333333334,-0.36999999999999744,-0.8999999999999986,0.12427268976165794,0.23931566428755768,-0.970941817426052
2025-06-10,31.64,0.0,17.4,69.0,32.089999999999996,33.109,-0.28999999999999915,-1.009999999999998,0.14236700555851425,0.23931566428755768,-0.970941817426052
2025-06-10,31.74,0.0,17.4,69.0,32.01285714285714,33.04333333333333,-0.33999999999999986,-0.5400000000000027,0.16172998619935053,0.23931566428755768,-0.970941817426052
2025-06-11,31.68,0.0,20.7,71.0,31.9,32.974,-0.25,-0.7899999999999991,0.18133238545426295,0.23931566428755768,-0.970941817426052
2025-06-11,31.37,0.0,20.7,71.0,31.767142857142858,32.897999999999996,-0.2699999999999996,-0.9299999999999962,0.19888743258668481,0.23931566428755768,-0.970941817426052
2025-06-11,31.5,0.0,20.7,71.0,31.705714285714286,32.824666666666666,-0.23999999999999844,-0.4299999999999997,0.21408094958332402,0.23931566428755768,-0.970941817426052
2025-06-12,31.52,0.0,22.4,75.0,31.625714285714285,32.75033333333333,-0.16000000000000014,-0.5599999999999987,0.23023647697875102,0.23931566428755768,-0.970941817426052
2025-06-12,31.31,0.0,22.4,75.0,31.537142857142857,32.672999999999995,-0.060000000000002274,-0.620000000000001,0.2474721914381418,0.23931566428755768,-0.970941817426052
2025-06-12,31.39,0.0,22.4,75.0,31.50142857142857,32.596333333333334,-0.10999999999999943,-0.25,0.2659297822468181,0.23931566428755768,-0.970941817426052
2025-06-13,31.46,3.6,22.0,83.0,31.46142857142857,32.521,-0.05999999999999872,-0.2799999999999976,0.3557661244939581,0.23931566428755768,-0.970941817426052
2025-06-13,31.31,3.6,22.0,83.0,31.40857142857143,32.443333333333335,0.0,-0.370000000000001,0.44507858375044057,0.23931566428755768,-0.970941817426052
2025-06-13,31.38,3.6,22.0,83.0,31.41,32.36666666666667,-0.010000000000001563,0.00999999999999801,0.5330130734058911,0.23931566428755768,-0.970941817426052
2025-06-14,31.61,3.9,22.1,86.0,31.42571428571429,32.29633333333333,0.14999999999999858,0.10999999999999943,0.2886423368806248,0.23931566428755768,-0.970941817426052
2025-06-14,31.39,3.9,22.1,86.0,31.407142857142855,32.226,0.08000000000000185,-0.129999999999999,0.038723844027910785,0.23931566428755768,-0.970941817426052
2025-06-14,31.47,3.9,22.1,86.0,31.43,32.154333333333334,0.08999999999999986,0.16000000000000014,-0.216082072243488,0.23931566428755768,-0.970941817426052
2025-06-15,31.81,0.8,21.6,83.0,31.490000000000002,32.096333333333334,0.1999999999999993,0.41999999999999815,-0.4343665081243876,0.23931566428755768,-0.970941817426052
2025-06-15,31.59,0.8,21.6,83.0,31.50857142857143,32.03966666666666,0.1999999999999993,0.129999999999999,-0.6524153941438058,0.23931566428755768,-0.970941817426052
2025-06-15,31.68,0.8,21.6,83.0,31.56142857142857,31.98166666666667,0.21000000000000085,0.370000000000001,-0.8696529748101848,0.23931566428755768,-0.970941817426052
2025-06-16,32.02,1.9,22.9,85.0,31.65285714285714,31.938666666666666,0.2100000000000044,0.6400000000000041,-0.8653512234932982,0.12053668025532308,-0.992708874098054
2025-06-16,31.81,1.9,22.9,85.0,31.68142857142857,31.898999999999997,0.21999999999999886,0.1999999999999993,-0.8610069616528632,0.12053668025532308,-0.992708874098054
2025-06-16,31.89,1.9,22.9,85.0,31.752857142857145,31.856999999999996,0.21000000000000085,0.5,-0.8566203375222946,0.12053668025532308,-0.992708874098054
2025-06-17,32.18,0.2,24.0,82.0,31.854285714285716,31.829,0.1599999999999966,0.7100000000000009,-0.9143684160040264,0.12053668025532308,-0.992708874098054
2025-06-17,31.99,0.2,24.0,82.0,31.88,31.807000000000002,0.17999999999999972,0.17999999999999972,-0.9716215988562693,0.12053668025532308,-0.992708874098054
2025-06-17,32.06,0.2,24.0,82.0,31.947142857142858,31.781333333333333,0.1700000000000017,0.4700000000000024,-1.0283067373818897,0.12053668025532308,-0.992708874098054
2025-06-18,32.33,21.7,22.7,86.0,32.04,31.770666666666667,0.14999999999999858,0.6499999999999986,-0.5750667610667448,0.12053668025532308,-0.992708874098054
2025-06-18,32.14,21.7,22.7,86.0,32.05714285714286,31.766000000000002,0.15000000000000213,0.11999999999999744,-0.12199133113302789,0.12053668025532308,-0.992708874098054
2025-06-18,32.24,21.7,22.7,86.0,32.11857142857143,31.758333333333333,0.17999999999999972,0.43000000000000327,0.3305750498043936,0.12053668025532308,-0.992708874098054
2025-06-19,32.6,2.8,22.0,82.0,32.22,31.768333333333334,0.2700000000000031,0.7100000000000009,0.38252827754063884,0.12053668025532308,-0.992708874098054
2025-06-19,32.32,2.8,22.0,82.0,32.24,31.781333333333333,0.17999999999999972,0.14000000000000057,0.43491632473060926,0.12053668025532308,-0.992708874098054
2025-06-19,32.44,2.8,22.0,82.0,32.30428571428571,31.793333333333337,0.19999999999999574,0.4499999999999993,0.4877454396747371,0.12053668025532308,-0.992708874098054
2025-06-20,32.72,0.0,23.0,76.0,32.39857142857143,31.819666666666667,0.11999999999999744,0.6599999999999966,0.48642163850824577,0.12053668025532308,-0.992708874098054
2025-06-20,32.56,0.0,23.0,76.0,32.43142857142857,31.85033333333333,0.240000000000002,0.23000000000000398,0.48714093384042517,0.12053668025532308,-0.992708874098054
2025-06-20,32.64,0.0,23.0,76.0,32.502857142857145,31.880333333333333,0.20000000000000284,0.5,0.4901602993588724,0.12053668025532308,-0.992708874098054
2025-06-21,32.82,0.0,27.5,71.0,32.58571428571428,31.918333333333337,0.10000000000000142,0.5799999999999983,0.49319289764395746,0.12053668025532308,-0.992708874098054
2025-06-21,32.69,0.0,27.5,71.0,32.598571428571425,31.962333333333333,0.12999999999999545,0.0899999999999963,0.4962388786042212,0.12053668025532308,-0.992708874098054
2025-06-21,32.75,0.0,27.5,71.0,32.660000000000004,32.004,0.10999999999999943,0.4299999999999997,0.49929839435691187,0.12053668025532308,-0.992708874098054
2025-06-22,32.95,0.0,28.7,69.0,32.73285714285714,32.05166666666667,0.13000000000000256,0.5100000000000051,0.5018445519776433,0.12053668025532308,-0.992708874098054
2025-06-22,32.78,0.0,28.7,69.0,32.74142857142857,32.10066666666667,0.09000000000000341,0.060000000000002274,0.503883475964505,0.12053668025532308,-0.992708874098054
2025-06-22,32.86,0.0,28.7,69.0,32.784285714285716,32.14966666666667,0.10999999999999943,0.29999999999999716,0.5054227895025505,0.12053668025532308,-0.992708874098054
2025-06-23,33.02,0.0,28.7,66.0,32.83857142857143,32.20166666666667,0.07000000000000028,0.38000000000000256,0.4228190179027194,-3.216245299353273e-16,-1.0
2025-06-23,32.88,0.0,28.7,66.0,32.847142857142856,32.254,0.10000000000000142,0.060000000000002274,0.34059324637546506,-3.216245299353273e-16,-1.0
2025-06-23,32.94,0.0,28.7,66.0,32.88285714285714,32.306000000000004,0.0799999999999983,0.25,0.2586915823008781,-3.216245299353273e-16,-1.0
2025-06-24,33.07,0.0,29.0,66.0,32.92857142857143,32.35466666666667,0.04999999999999716,0.3200000000000003,0.1720703393338844,-3.216245299353273e-16,-1.0
2025-06-24,32.95,0.0,29.0,66.0,32.92857142857143,32.406666666666666,0.07000000000000028,0.0,0.08742344048484607,-3.216245299353273e-16,-1.0
2025-06-24,33.0,0.0,29.0,66.0,32.96,32.45766666666667,0.060000000000002274,0.21999999999999886,0.004197535744634883,-3.216245299353273e-16,-1.0
2025-06-25,33.05,1.1,27.8,74.0,32.98714285714286,32.499,-0.020000000000003126,0.18999999999999773,0.02114021856100489,-3.216245299353273e-16,-1.0
2025-06-25,32.9,1.1,27.8,74.0,32.97,32.54266666666667,-0.05000000000000426,-0.12000000000000455,0.038355350681253036,-3.216245299353273e-16,-1.0
2025-06-25,32.98,1.1,27.8,74.0,32.98428571428571,32.586,-0.020000000000003126,0.09999999999999432,0.0558604684786689,-3.216245299353273e-16,-1.0
2025-06-26,33.09,2.8,27.7,76.0,33.005714285714284,32.62166666666666,0.04000000000000625,0.15000000000000568,0.0884250251038018,-3.216245299353273e-16,-1.0
2025-06-26,32.9,2.8,27.7,76.0,32.98142857142857,32.658,0.0,-0.1700000000000017,0.12142440176569898,-3.216245299353273e-16,-1.0
2025-06-26,32.98,2.8,27.7,76.0,32.98571428571428,32.69433333333333,0.0,0.02999999999999403,0.1548766201320626,-3.216245299353273e-16,-1.0
2025-06-27,33.09,4.8,27.0,73.0,32.998571428571424,32.724666666666664,0.0,0.09000000000000341,0.28292439591089663,-3.216245299353273e-16,-1.0
2025-06-27,32.96,4.8,27.0,73.0,32.98571428571429,32.757,0.060000000000002274,-0.0899999999999963,0.41275940985712767,-3.216245299353273e-16,-1.0
2025-06-27,33.03,4.8,27.0,73.0,33.004285714285714,32.78933333333334,0.05000000000000426,0.13000000000000256,0.5443457908333644,-3.216245299353273e-16,-1.0
2025-06-28,33.11,0.9,25.4,82.0,33.02285714285715,32.815333333333335,0.01999999999999602,0.13000000000000256,0.011159126034465469,-3.216245299353273e-16,-1.0
2025-06-28,32.94,0.9,25.4,82.0,33.00142857142857,32.842,-0.020000000000003126,-0.15000000000000568,-0.5268978038036247,-3.216245299353273e-16,-1.0
2025-06-28,33.04,0.9,25.4,82.0,33.02142857142857,32.86866666666666,0.00999999999999801,0.14000000000000057,-1.0632602363077226,-3.216245299353273e-16,-1.0
2025-06-29,33.12,5.1,26.2,80.0,33.041428571428575,32.885999999999996,0.00999999999999801,0.14000000000000057,-0.9915925244715523,-3.216245299353273e-16,-1.0
2025-06-29,32.98,5.1,26.2,80.0,33.02571428571429,32.908,0.03999999999999915,-0.11000000000000654,-0.9207435539434006,-3.216245299353273e-16,-1.0
2025-06-29,33.04,5.1,26.2,80.0,33.037142857142854,32.928,0.0,0.0799999999999983,-0.8506499574446507,-3.216245299353273e-16,-1.0
2025-06-30,33.05,3.7,24.7,85.0,33.04,32.939,-0.07000000000000028,0.01999999999999602,-0.7444375222532023,-0.12053668025532283,-0.992708874098054
2025-06-30,32.93,3.7,24.7,85.0,33.01428571428571,32.95133333333333,-0.04999999999999716,-0.17999999999999972,-0.6386492160289459,-0.12053668025532283,-0.992708874098054
2025-06-30,32.99,3.7,24.7,85.0,33.021428571428565,32.963,-0.04999999999999716,0.05000000000000426,-0.5329573426741555,-0.12053668025532283,-0.992708874098054
2025-07-01,32.98,0.9,24.5,76.0,33.012857142857136,32.968333333333334,-0.07000000000000028,-0.060000000000002274,-0.5012479008200024,-0.12053668025532283,-0.992708874098054
2025-07-01,32.84,0.9,24.5,76.0,32.97285714285714,32.973333333333336,-0.0899999999999963,-0.27999999999999403,-0.4695125829368185,-0.12053668025532283,-0.992708874098054
2025-07-01,32.92,0.9,24.5,76.0,32.964285714285715,32.979,-0.07000000000000028,-0.05999999999999517,-0.4377281728536738,-0.12053668025532283,-0.992708874098054
2025-07-02,32.89,0.0,24.0,68.0,32.94285714285714,32.977,-0.0899999999999963,-0.14999999999999858,-0.42930378133304137,-0.12053668025532283,-0.992708874098054
2025-07-02,32.77,0.0,24.0,68.0,32.902857142857144,32.97666666666667,-0.07000000000000028,-0.27999999999999403,-0.4204153499503501,-0.12053668025532283,-0.992708874098054
2025-07-02,32.83,0.0,24.0,68.0,32.88857142857143,32.97566666666667,-0.09000000000000341,-0.10000000000000142,-0.41127061005558946,-0.12053668025532283,-0.992708874098054
2025-07-03,32.8,0.0,25.6,69.0,32.86142857142857,32.968333333333334,-0.09000000000000341,-0.19000000000000483,-0.40203064165586333,-0.12053668025532283,-0.992708874098054
2025-07-03,32.58,0.0,25.6,69.0,32.80428571428571,32.958333333333336,-0.19000000000000483,-0.3999999999999986,-0.39271310319129793,-0.12053668025532283,-0.992708874098054
2025-07-03,32.68,0.0,25.6,69.0,32.78142857142857,32.949666666666666,-0.14999999999999858,-0.1600000000000037,-0.38334008792076646,-0.12053668025532283,-0.992708874098054
2025-07-04,32.6,0.0,27.0,65.0,32.73571428571428,32.934,-0.19999999999999574,-0.3200000000000003,-0.3738072648492394,-0.12053668025532283,-0.992708874098054
2025-07-04,32.2,0.0,27.0,65.0,32.637142857142855,32.909,-0.37999999999999545,-0.6899999999999977,-0.36443423842215883,-0.12053668025532283,-0.992708874098054
2025-07-04,32.41,0.0,27.0,65.0,32.58571428571428,32.88933333333333,-0.2700000000000031,-0.36000000000000654,-0.35557666963597073,-0.12053668025532283,-0.992708874098054
2025-07-05,32.2,0.0,27.0,64.0,32.49571428571428,32.861000000000004,-0.3999999999999986,-0.6299999999999955,-0.380177603772209,-0.12053668025532283,-0.992708874098054
2025-07-05,31.67,0.0,27.0,64.0,32.33428571428571,32.82,-0.5300000000000011,-1.1299999999999955,-0.4050978907585674,-0.12053668025532283,-0.992708874098054
2025-07-05,31.95,0.0,27.0,64.0,32.24428571428571,32.78566666666667,-0.4599999999999973,-0.629999999999999,-0.4303575432297299,-0.12053668025532283,-0.992708874098054
2025-07-06,31.7,5.3,26.6,70.0,32.104285714285716,32.739333333333335,-0.5000000000000036,-0.9800000000000004,-0.34316392873030366,-0.12053668025532283,-0.992708874098054
2025-07-06,31.15,5.3,26.6,70.0,31.897142857142853,32.681000000000004,-0.5200000000000031,-1.4500000000000028,-0.25478774862188663,-0.12053668025532283,-0.992708874098054
2025-07-06,31.41,5.3,26.6,70.0,31.784285714285716,32.62866666666667,-0.5399999999999991,-0.7900000000000027,-0.16508079829851205,-0.12053668025532283,-0.992708874098054
2025-07-07,31.15,0.1,24.6,77.0,31.604285714285712,32.564,-0.5500000000000007,-1.259999999999998,-0.306998929625568,-0.23931566428755743,-0.9709418174260521
2025-07-07,30.53,0.1,24.6,77.0,31.365714285714283,32.483,-0.6199999999999974,-1.6700000000000017,-0.4512321260863609,-0.23931566428755743,-0.9709418174260521
2025-07-07,30.83,0.1,24.6,77.0,31.245714285714286,32.409666666666666,-0.5800000000000018,-0.8400000000000034,-0.5978810830538018,-0.23931566428755743,-0.9709418174260521
2025-07-08,30.53,3.3,23.9,73.0,31.042857142857144,32.32366666666666,-0.6199999999999974,-1.4199999999999982,-0.5093396607216385,-0.23931566428755743,-0.9709418174260521
2025-07-08,29.84,3.3,23.9,73.0,30.777142857142856,32.220333333333336,-0.6900000000000013,-1.8599999999999994,-0.41940134201683144,-0.23931566428755743,-0.9709418174260521
2025-07-08,30.18,3.3,23.9,73.0,30.63857142857143,32.125,-0.6499999999999986,-0.9699999999999989,-0.3279963049623047,-0.23931566428755743,-0.9709418174260521
2025-07-09,29.84,1.9,23.5,84.0,30.41428571428571,32.01566666666667,-0.6900000000000013,-1.5700000000000003,-0.4297249600693033,-0.23931566428755743,-0.9709418174260521
2025-07-09,29.23,1.9,23.5,84.0,30.140000000000004,31.890666666666668,-0.6099999999999994,-1.9199999999999982,-0.5327695362076673,-0.23931566428755743,-0.9709418174260521
2025-07-09,29.51,1.9,23.5,84.0,29.994285714285716,31.773000000000003,-0.6699999999999982,-1.0199999999999996,-0.6364670835364005,-0.23931566428755743,-0.9709418174260521
2025-07-10,29.25,0.3,25.7,74.0,29.768571428571427,31.646333333333335,-0.5899999999999999,-1.5799999999999983,-0.7478309106110815,-0.23931566428755743,-0.9709418174260521
2025-07-10,28.8,0.3,25.7,74.0,29.521428571428572,31.508666666666667,-0.4299999999999997,-1.7300000000000004,-0.8601876203283872,-0.23931566428755743,-0.9709418174260521
2025-07-10,28.99,0.3,25.7,74.0,29.4,31.375333333333334,-0.5200000000000031,-0.8500000000000014,-0.9747498398572508,-0.23931566428755743,-0.9709418174260521
2025-07-11,28.8,0.0,27.1,68.0,29.202857142857145,31.236,-0.4499999999999993,-1.379999999999999,-1.0000820672930402,-0.23931566428755743,-0.9709418174260521
2025-07-11,28.34,0.0,27.1,68.0,28.98857142857143,31.086,-0.46000000000000085,-1.5,-1.02408875137547,-0.23931566428755743,-0.9709418174260521
2025-07-11,28.56,0.0,27.1,68.0,28.892857142857142,30.94066666666667,-0.4299999999999997,-0.6700000000000017,-1.0468528357279805,-0.23931566428755743,-0.9709418174260521
2025-07-12,28.36,2.2,26.1,75.0,28.728571428571428,30.78966666666667,-0.4400000000000013,-1.1500000000000021,-0.9655599629154471,-0.23931566428755743,-0.9709418174260521
2025-07-12,27.85,2.2,26.1,75.0,28.52857142857143,30.62566666666667,-0.48999999999999844,-1.3999999999999986,-0.8887144124071341,-0.23931566428755743,-0.9709418174260521
2025-07-12,28.09,2.2,26.1,75.0,28.427142857142854,30.467666666666666,-0.46999999999999886,-0.7100000000000009,-0.8165388823204148,-0.23931566428755743,-0.9709418174260521
2025-07-13,27.86,6.0,23.8,86.0,28.26571428571429,30.303,-0.5,-1.129999999999999,-0.6143616021182042,-0.23931566428755743,-0.9709418174260521
2025-07-13,27.36,6.0,23.8,86.0,28.06,30.129,-0.490000000000002,-1.4400000000000013,-0.4129696240713424,-0.23931566428755743,-0.9709418174260521
2025-07-13,27.59,6.0,23.8,86.0,27.95285714285714,29.959333333333333,-0.5,-0.75,-0.21143930654967333,-0.23931566428755743,-0.9709418174260521
2025-07-14,27.36,0.8,23.6,85.0,27.78142857142857,29.78466666666667,-0.5,-1.1999999999999993,-0.19235861112712999,-0.3546048870425356,-0.9350162426854148
2025-07-14,26.77,0.8,23.6,85.0,27.554285714285715,29.603666666666665,-0.5899999999999999,-1.5899999999999999,-0.17321490525017894,-0.3546048870425356,-0.9350162426854148
2025-07-14,27.05,0.8,23.6,85.0,27.439999999999998,29.425,-0.5399999999999991,-0.8000000000000007,-0.15399711543610098,-0.3546048870425356,-0.9350162426854148
2025-07-15,26.77,1.1,25.3,79.0,27.251428571428573,29.243999999999996,-0.5899999999999999,-1.3200000000000003,-0.12371184467929568,-0.3546048870425356,-0.9350162426854148
2025-07-15,26.08,1.1,25.3,79.0,26.997142857142855,29.057666666666666,-0.6900000000000013,-1.7800000000000011,-0.09310416102473804,-0.3546048870425356,-0.9350162426854148
2025-07-15,26.41,1.1,25.3,79.0,26.861428571428572,28.872999999999998,-0.6400000000000006,-0.9499999999999993,-0.06216423795825099,-0.3546048870425356,-0.9350162426854148
2025-07-16,26.08,2.0,25.7,84.0,26.645714285714288,28.68566666666667,-0.6900000000000013,-1.5100000000000016,-0.19399496127758187,-0.3546048870425356,-0.9350162426854148
2025-07-16,25.27,2.0,25.7,84.0,26.347142857142853,28.489666666666665,-0.8099999999999987,-2.09,-0.327228666084558,-0.3546048870425356,-0.9350162426854148
2025-07-16,25.68,2.0,25.7,84.0,26.19142857142857,28.29866666666667,-0.7300000000000004,-1.0899999999999999,-0.46183126435931554,-0.3546048870425356,-0.9350162426854148
2025-07-17,25.3,1.9,25.2,84.0,25.94142857142857,28.103666666666665,-0.7799999999999976,-1.75,-0.40468105565617346,-0.3546048870425356,-0.9350162426854148
2025-07-17,24.61,1.9,25.2,84.0,25.63285714285714,27.906333333333336,-0.6600000000000001,-2.16,-0.3472204348630919,-0.3546048870425356,-0.9350162426854148
2025-07-17,24.97,1.9,25.2,84.0,25.474285714285713,27.711000000000002,-0.7100000000000009,-1.1099999999999994,-0.2893583242858461,-0.3546048870425356,-0.9350162426854148
2025-07-18,24.61,0.2,23.4,79.0,25.217142857142857,27.513666666666666,-0.6900000000000013,-1.8000000000000007,-0.42199328339253883,-0.3546048870425356,-0.9350162426854148
2025-07-18,23.62,0.2,23.4,79.0,24.865714285714287,27.30633333333333,-0.9899999999999984,-2.4599999999999973,-0.5563972229674107,-0.3546048870425356,-0.9350162426854148
2025-07-18,24.15,0.2,23.4,79.0,24.705714285714286,27.105333333333338,-0.8200000000000003,-1.120000000000001,-0.6924741016620916,-0.3546048870425356,-0.9350162426854148
2025-07-19,23.63,8.7,24.4,87.0,24.412857142857142,26.898333333333333,-0.9800000000000004,-2.0500000000000007,-0.4252531075494078,-0.3546048870425356,-0.9350162426854148
2025-07-19,22.49,8.7,24.4,87.0,24.01142857142857,26.67366666666667,-1.1300000000000026,-2.8100000000000023,-0.1527319669553093,-0.3546048870425356,-0.9350162426854148
2025-07-19,23.05,8.7,24.4,87.0,23.78857142857143,26.458333333333332,-1.0999999999999979,-1.5599999999999987,0.12344919714941603,-0.3546048870425356,-0.9350162426854148
2025-07-20,22.51,7.7,25.2,89.0,23.437142857142856,26.233666666666668,-1.1199999999999974,-2.4599999999999973,0.4227561596443121,-0.3546048870425356,-0.9350162426854148
2025-07-20,21.5,7.7,25.2,89.0,22.99285714285714,25.990333333333336,-0.9899999999999984,-3.1099999999999994,0.7203872959659392,-0.3546048870425356,-0.9350162426854148
2025-07-20,22.0,7.7,25.2,89.0,22.76142857142857,25.757333333333335,-1.0500000000000007,-1.620000000000001,1.0150100859035385,-0.3546048870425356,-0.9350162426854148
2025-07-21,21.55,28.1,24.2,91.0,22.390000000000004,25.515666666666664,-0.9600000000000009,-2.599999999999998,2.109927353737283,-0.46472317204376806,-0.8854560256532101
2025-07-21,20.63,28.1,24.2,91.0,21.961428571428574,25.258666666666667,-0.870000000000001,-3.0,3.1225030115517587,-0.46472317204376806,-0.8854560256532101
2025-07-21,21.07,28.1,24.2,91.0,21.75857142857143,25.009,-0.9299999999999997,-1.4199999999999982,3.994815500994352,-0.46472317204376806,-0.8854560256532101
2025-07-22,20.66,0.1,24.9,87.0,21.417142857142856,24.752333333333333,-0.8900000000000006,-2.3900000000000006,3.74153050321172,-0.46472317204376806,-0.8854560256532101
2025-07-22,19.99,0.1,24.9,87.0,21.057142857142857,24.490333333333332,-0.6400000000000006,-2.520000000000003,3.519296333090176,-0.46472317204376806,-0.8854560256532101
2025-07-22,20.28,0.1,24.9,87.0,20.882857142857144,24.23,-0.7899999999999991,-1.2199999999999989,3.3216480178603023,-0.46472317204376806,-0.8854560256532101
2025-07-23,20.0,5.2,26.8,86.0,20.59714285714286,23.968,-0.6600000000000001,-2.0,3.1830238225244454,-0.46472317204376806,-0.8854560256532101
2025-07-23,19.6,5.2,26.8,86.0,20.318571428571428,23.709333333333333,-0.389999999999997,-1.9499999999999993,3.0567298644281937,-0.46472317204376806,-0.8854560256532101
2025-07-23,19.76,5.2,26.8,86.0,20.194285714285716,23.44833333333333,-0.5199999999999996,-0.8699999999999974,2.940920065484447,-0.46472317204376806,-0.8854560256532101
2025-07-24,19.6,0.1,28.0,85.0,19.984285714285715,23.189666666666664,-0.3999999999999986,-1.4699999999999989,2.8370040218026675,-0.46472317204376806,-0.8854560256532101
2025-07-24,19.3,0.1,28.0,85.0,19.79,22.94066666666667,-0.3000000000000007,-1.3599999999999994,2.7406910547500742,-0.46472317204376806,-0.8854560256532101
2025-07-24,19.4,0.1,28.0,85.0,19.705714285714286,22.68566666666667,-0.360000000000003,-0.5899999999999999,2.651020711841381,-0.46472317204376806,-0.8854560256532101
2025-07-25,19.33,9.6,26.3,84.0,19.57,22.437666666666665,-0.2700000000000031,-0.9500000000000028,2.812711160568267,-0.46472317204376806,-0.8854560256532101
2025-07-25,19.16,9.6,26.3,84.0,19.45,22.207,-0.14000000000000057,-0.8399999999999999,2.9572109959745965,-0.46472317204376806,-0.8854560256532101
2025-07-25,19.26,9.6,26.3,84.0,19.40142857142857,21.968666666666667,-0.13999999999999702,-0.33999999999999986,3.0844961497935963,-0.46472317204376806,-0.8854560256532101
2025-07-26,19.52,10.1,26.4,88.0,19.367142857142856,21.75,0.19000000000000128,-0.240000000000002,3.185303403510034,-0.46472317204376806,-0.8854560256532101
2025-07-26,19.27,10.1,26.4,88.0,19.32,21.55,0.10999999999999943,-0.33000000000000185,3.2712153121660155,-0.46472317204376806,-0.8854560256532101
2025-07-26,19.33,10.1,26.4,88.0,19.32428571428571,21.33833333333333,0.06999999999999673,0.029999999999997584,3.343128869578349,-0.46472317204376806,-0.8854560256532101
2025-07-27,19.89,2.9,26.6,87.0,19.39428571428571,21.158,0.370000000000001,0.490000000000002,3.2474236673785972,-0.46472317204376806,-0.8854560256532101
2025-07-27,19.49,2.9,26.6,87.0,19.41714285714286,20.987333333333332,0.21999999999999886,0.16000000000000014,3.159943741301303,-0.46472317204376806,-0.8854560256532101
2025-07-27,19.71,2.9,26.6,87.0,19.495714285714286,20.811999999999998,0.38000000000000256,0.5500000000000007,3.0796683711515014,-0.46472317204376806,-0.8854560256532101
2025-07-28,19.88,12.5,26.4,88.0,19.584285714285716,20.654333333333334,-0.010000000000001563,0.6199999999999974,3.23407974364439,-0.5680647467311556,-0.8229838658936566
2025-07-28,19.74,12.5,26.4,88.0,19.615714285714287,20.525,0.25,0.21999999999999886,3.366390043675255,-0.5680647467311556,-0.8229838658936566
2025-07-28,19.8,12.5,26.4,88.0,19.69142857142857,20.38,0.08999999999999986,0.5300000000000011,3.4774958091199917,-0.5680647467311556,-0.8229838658936566
2025-07-29,20.01,0.0,26.9,82.0,19.788571428571426,20.259333333333334,0.13000000000000256,0.6800000000000033,3.188744361697964,-0.5680647467311556,-0.8229838658936566
2025-07-29,19.76,0.0,26.9,82.0,19.77,20.168333333333333,0.020000000000003126,-0.129999999999999,2.930620819876179,-0.5680647467311556,-0.8229838658936566
2025-07-29,19.86,0.0,26.9,82.0,19.822857142857142,20.062,0.05999999999999872,0.370000000000001,2.6983065839056533,-0.5680647467311556,-0.8229838658936566
2025-07-30,20.43,0.7,26.5,88.0,19.925714285714285,19.992666666666665,0.41999999999999815,0.7199999999999989,2.51191600870901,-0.5680647467311556,-0.8229838658936566
2025-07-30,20.0,0.7,26.5,88.0,19.942857142857143,19.942666666666664,0.23999999999999844,0.120000000000001,2.336523748284846,-0.5680647467311556,-0.8229838658936566
2025-07-30,20.22,0.7,26.5,88.0,20.011428571428574,19.883333333333333,0.35999999999999943,0.4800000000000004,2.1701147998240473,-0.5680647467311556,-0.8229838658936566
2025-07-31,20.45,2.8,22.7,84.0,20.104285714285716,19.84666666666667,0.019999999999999574,0.6499999999999986,1.688696004482007,-0.5680647467311556,-0.8229838658936566
2025-07-31,20.14,2.8,22.7,84.0,20.122857142857146,19.830333333333336,0.14000000000000057,0.129999999999999,1.2176690934521148,-0.5680647467311556,-0.8229838658936566
2025-07-31,20.32,2.8,22.7,84.0,20.20285714285714,19.805333333333333,0.10000000000000142,0.5599999999999987,0.750322621454033,-0.5680647467311556,-0.8229838658936566
2025-08-01,20.18,0.0,20.2,74.0,20.24857142857143,19.789333333333335,-0.2699999999999996,0.3200000000000003,0.7395165931525128,-0.5680647467311556,-0.8229838658936566
2025-08-01,19.83,0.0,20.2,74.0,20.162857142857142,19.784,-0.3100000000000023,-0.6000000000000014,0.7287573278150582,-0.5680647467311556,-0.8229838658936566
2025-08-01,20.03,0.0,20.2,74.0,20.16714285714286,19.77566666666667,-0.28999999999999915,0.030000000000001137,0.7180411939895098,-0.5680647467311556,-0.8229838658936566
2025-08-02,19.87,0.0,19.4,71.0,20.117142857142856,19.771333333333338,-0.3099999999999987,-0.34999999999999787,0.6137912442444621,-0.5680647467311556,-0.8229838658936566
2025-08-02,19.26,0.0,19.4,71.0,19.947142857142858,19.76,-0.5699999999999967,-1.1899999999999977,0.5093093337735964,-0.5680647467311556,-0.8229838658936566
2025-08-02,19.58,0.0,19.4,71.0,19.867142857142856,19.754,-0.45000000000000284,-0.5600000000000023,0.40443511700050516,-0.5680647467311556,-0.8229838658936566
2025-08-03,19.27,0.0,19.2,73.0,19.717142857142857,19.743,-0.6000000000000014,-1.0500000000000007,0.39506340776408055,-0.5680647467311556,-0.8229838658936566
2025-08-03,18.63,0.0,19.2,73.0,19.495714285714286,19.720666666666663,-0.6300000000000026,-1.5500000000000007,0.3865606231769929,-0.5680647467311556,-0.8229838658936566
2025-08-03,18.95,0.0,19.2,73.0,19.37,19.705666666666666,-0.629999999999999,-0.879999999999999,0.37912037356286077,-0.5680647467311556,-0.8229838658936566
2025-08-04,18.63,2.0,20.9,76.0,19.169999999999998,19.682333333333336,-0.6400000000000006,-1.4000000000000021,0.2321197897083054,-0.663122658240795,-0.7485107481711013
2025-08-04,18.19,2.0,20.9,76.0,18.93,19.65,-0.4399999999999977,-1.6799999999999997,0.08679131407738443,-0.663122658240795,-0.7485107481711013
2025-08-04,18.36,2.0,20.9,76.0,18.801428571428573,19.62,-0.5899999999999999,-0.9000000000000021,-0.05674264819684566,-0.663122658240795,-0.7485107481711013
2025-08-05,18.2,0.1,21.9,81.0,18.604285714285712,19.576,-0.4299999999999997,-1.379999999999999,-0.24424779696594148,-0.663122658240795,-0.7485107481711013
2025-08-05,18.04,0.1,21.9,81.0,18.428571428571427,19.535,-0.15000000000000213,-1.2300000000000004,-0.4303272023982875,-0.663122658240795,-0.7485107481711013
2025-08-05,18.11,0.1,21.9,81.0,18.354285714285712,19.49433333333333,-0.25,-0.5199999999999996,-0.6146657791876343,-0.663122658240795,-0.7485107481711013
2025-08-06,18.06,0.0,23.1,79.0,18.227142857142855,19.433333333333334,-0.14000000000000057,-0.8900000000000006,-0.6648646529153498,-0.663122658240795,-0.7485107481711013
2025-08-06,17.85,0.0,23.1,79.0,18.115714285714287,19.378666666666668,-0.18999999999999773,-0.7799999999999976,-0.7145724187518142,-0.663122658240795,-0.7485107481711013
2025-08-06,17.95,0.0,23.1,79.0,18.08142857142857,19.32,-0.16000000000000014,-0.240000000000002,-0.7637532697507203,-0.663122658240795,-0.7485107481711013
2025-08-07,18.13,9.8,24.3,83.0,18.048571428571428,19.261666666666667,0.07000000000000028,-0.23000000000000043,-0.808440893837282,-0.663122658240795,-0.7485107481711013
2025-08-07,17.95,9.8,24.3,83.0,18.012857142857143,19.202,0.09999999999999787,-0.25,-0.8523602361605457,-0.663122658240795,-0.7485107481711013
2025-08-07,18.02,9.8,24.3,83.0,18.01,19.142666666666667,0.07000000000000028,-0.019999999999999574,-0.89548571361454,-0.663122658240795,-0.7485107481711013
2025-08-08,18.06,0.0,25.6,81.0,18.002857142857145,19.077666666666666,-0.07000000000000028,-0.05000000000000071,-0.8883228707492324,-0.663122658240795,-0.7485107481711013
2025-08-08,17.86,0.0,25.6,81.0,17.974285714285713,19.014333333333333,-0.08999999999999986,-0.1999999999999993,-0.881239387426184,-0.663122658240795,-0.7485107481711013
2025-08-08,17.97,0.0,25.6,81.0,17.99142857142857,18.95133333333333,-0.05000000000000071,0.11999999999999744,-0.874233706920566,-0.663122658240795,-0.7485107481711013
2025-08-09,17.97,0.0,26.1,75.0,17.994285714285716,18.869333333333334,-0.08999999999999986,0.019999999999999574,-0.880084256278166,-0.663122658240795,-0.7485107481711013
2025-08-09,17.7,0.0,26.1,75.0,17.93285714285714,18.792666666666666,-0.16000000000000014,-0.4299999999999997,-0.8858193231701592,-0.663122658240795,-0.7485107481711013
2025-08-09,17.8,0.0,26.1,75.0,17.91142857142857,18.712,-0.16999999999999815,-0.14999999999999858,-0.8914393515204653,-0.663122658240795,-0.7485107481711013
2025-08-10,17.76,0.0,26.6,73.0,17.874285714285712,18.622333333333334,-0.2099999999999973,-0.259999999999998,-0.935027460073238,-0.663122658240795,-0.7485107481711013
2025-08-10,17.43,0.0,26.6,73.0,17.784285714285716,18.531999999999996,-0.2699999999999996,-0.629999999999999,-0.977887653071345,-0.663122658240795,-0.7485107481711013
2025-08-10,17.56,0.0,26.6,73.0,17.74142857142857,18.44,-0.240000000000002,-0.3000000000000007,-1.0199876862515895,-0.663122658240795,-0.7485107481711013
2025-08-11,17.43,5.7,25.2,80.0,17.664285714285715,18.348333333333333,-0.33000000000000185,-0.5399999999999991,-0.9085208717205672,-0.7485107481711011,-0.6631226582407952
2025-08-11,17.05,5.7,25.2,80.0,17.532857142857143,18.25566666666667,-0.379999999999999,-0.9199999999999982,-0.7985616207095969,-0.7485107481711011,-0.6631226582407952
2025-08-11,17.23,5.7,25.2,80.0,17.465714285714288,18.16233333333333,-0.3299999999999983,-0.46999999999999886,-0.68987952686049,-0.7485107481711011,-0.6631226582407952
2025-08-12,17.06,1.9,25.3,81.0,17.360000000000003,18.068666666666665,-0.370000000000001,-0.740000000000002,-0.6502484135111641,-0.7485107481711011,-0.6631226582407952
2025-08-12,16.38,1.9,25.3,81.0,17.162857142857142,17.972666666666665,-0.6700000000000017,-1.3800000000000026,-0.6106903086642759,-0.7485107481711011,-0.6631226582407952
2025-08-12,16.7,1.9,25.3,81.0,17.05857142857143,17.87666666666667,-0.5300000000000011,-0.7300000000000004,-0.5711892267463277,-0.7485107481711011,-0.6631226582407952
2025-08-13,16.42,0.0,23.8,85.0,16.895714285714284,17.78166666666667,-0.639999999999997,-1.139999999999997,-0.5670523702851062,-0.7485107481711011,-0.6631226582407952
2025-08-13,15.79,0.0,23.8,85.0,16.66142857142857,17.686999999999998,-0.5899999999999999,-1.6400000000000006,-0.5640286820189092,-0.7485107481711011,-0.6631226582407952
2025-08-13,16.07,0.0,23.8,85.0,16.521428571428572,17.591,-0.629999999999999,-0.9800000000000004,-0.5622316521610069,-0.7485107481711011,-0.6631226582407952
2025-08-14,15.8,0.1,23.8,76.0,16.31714285714286,17.496666666666666,-0.620000000000001,-1.4299999999999997,-0.5955670302957772,-0.7485107481711011,-0.6631226582407952
2025-08-14,15.37,0.1,23.8,76.0,16.075714285714287,17.40266666666667,-0.41999999999999993,-1.6899999999999995,-0.6298707146507853,-0.7485107481711011,-0.6631226582407952
2025-08-14,15.57,0.1,23.8,76.0,15.959999999999999,17.309666666666665,-0.5,-0.8099999999999987,-0.6652843432672588,-0.7485107481711011,-0.6631226582407952
2025-08-15,15.37,0.0,26.0,74.0,15.77,17.215333333333334,-0.4300000000000015,-1.33,-0.6681952976771645,-0.7485107481711011,-0.6631226582407952
2025-08-15,15.02,0.0,26.0,74.0,15.569999999999999,17.114666666666665,-0.34999999999999964,-1.4000000000000021,-0.6710491081122595,-0.7485107481711011,-0.6631226582407952
2025-08-15,15.22,0.0,26.0,74.0,15.48857142857143,17.01833333333333,-0.34999999999999964,-0.5699999999999985,-0.6738454371096275,-0.7485107481711011,-0.6631226582407952
2025-08-16,15.04,3.6,27.4,80.0,15.34142857142857,16.917666666666666,-0.33000000000000007,-1.0300000000000011,-0.6106415341932788,-0.7485107481711011,-0.6631226582407952
2025-08-16,14.5,3.6,27.4,80.0,15.155714285714286,16.806,-0.5199999999999996,-1.3000000000000007,-0.5481562308113475,-0.7485107481711011,-0.6631226582407952
2025-08-16,14.81,3.6,27.4,80.0,15.075714285714286,16.701333333333334,-0.41000000000000014,-0.5599999999999987,-0.48630902373857543,-0.7485107481711011,-0.6631226582407952
2025-08-17,14.5,,,,14.922857142857143,16.580333333333336,-0.5399999999999991,-1.0700000000000003,-0.6633662756202785,-0.7485107481711011,-0.6631226582407952
2025-08-17,14.05,,,,14.734285714285715,16.450333333333333,-0.4499999999999993,-1.3199999999999985,-0.8360771237412887,-0.7485107481711011,-0.6631226582407952
2025-08-17,14.27,,,,14.627142857142857,16.325333333333333,-0.5400000000000009,-0.75,-1.0042415381538135,-0.7485107481711011,-0.6631226582407952
